trial_id,ts,DATA.SELECT_TOP_VAR.per_modality_k.rna,DATA.SELECT_TOP_VAR.per_modality_k.cnv,DATA.TAKE_INTERSECTION,DATA.ZSCORE,SNF.K,SNF.T,AE.HIDDEN,AE.LATENT_PER_MODAL,AE.DROPOUT,AE.LR,AE.WEIGHT_DECAY,GCN.HIDDEN,GCN.LAYERS,GCN.ALPHA,GCN.DROPOUT,GCN.LR,GCN.WEIGHT_DECAY,GCN.LABEL_SMOOTHING,GCN.CLASS_WEIGHTED_CE,GCN.EARLY_STOP,GCN.EARLY_STOP_PATIENCE,EXPERIMENT.TRAIN_RATIO,TRAIN.VAL_RATIO,acc_mean,acc_std,f1_mean,f1_std
T0001,2025-09-23 05:43:35,6,18,256,40,0.2,0.001,0.001,128,2,0.1,0.45,0.0008,0.0001,0.0,True,True,80,0.8,0.1,0.6817,0.0572,0.6591,0.0599
T0002,2025-09-23 05:43:49,6,10,256,48,0.1,0.0005,0.001,192,3,0.1,0.3,0.0012,0.0001,0.02,True,True,80,0.75,0.1,0.6973,0.0748,0.6775,0.0799
T0003,2025-09-23 05:44:03,6,12,1024,56,0.1,0.001,0.0005,192,4,0.05,0.4,0.0012,0.0007,0.02,False,True,80,0.85,0.15,0.6848,0.0672,0.6549,0.074
T0004,2025-09-23 05:44:21,6,15,1024,48,0.2,0.0005,0.001,160,2,0.1,0.4,0.001,0.0005,0.0,True,True,80,0.85,0.1,0.7217,0.0621,0.7033,0.067
T0005,2025-09-23 05:44:36,6,15,1024,48,0.3,0.001,0.0005,128,3,0.2,0.3,0.0012,0.001,0.01,True,True,80,0.75,0.1,0.677,0.055,0.657,0.0618
T0006,2025-09-23 05:44:54,8,18,1024,48,0.2,0.0005,0.0001,192,2,0.05,0.35,0.0012,0.0003,0.02,False,True,80,0.85,0.15,0.6761,0.0896,0.6522,0.1007
T0007,2025-09-23 05:45:10,10,12,512,48,0.3,0.001,0.0001,96,4,0.05,0.35,0.0012,0.0007,0.01,True,True,80,0.85,0.15,0.65,0.1218,0.6321,0.1163
T0008,2025-09-23 05:45:26,10,18,512,56,0.1,0.0005,0.0005,192,4,0.1,0.45,0.001,0.0005,0.0,True,True,80,0.75,0.15,0.6595,0.0747,0.6426,0.0851
T0009,2025-09-23 05:45:40,8,12,512,48,0.3,0.0005,0.0001,128,3,0.1,0.3,0.0008,0.001,0.0,False,True,80,0.85,0.15,0.6522,0.0922,0.6145,0.1034
T0010,2025-09-23 05:45:55,10,12,1024,40,0.3,0.001,0.001,192,4,0.1,0.4,0.0012,0.0005,0.0,False,True,80,0.8,0.1,0.6683,0.0799,0.6335,0.0904
T0011,2025-09-23 05:46:11,12,12,1024,40,0.3,0.001,0.0005,160,3,0.05,0.3,0.001,0.0001,0.0,False,True,80,0.75,0.15,0.6878,0.0702,0.6521,0.0782
T0012,2025-09-23 05:46:26,6,15,1024,56,0.3,0.0005,0.0001,192,3,0.05,0.4,0.001,0.0005,0.0,False,True,80,0.8,0.15,0.6767,0.0901,0.6416,0.0987
T0013,2025-09-23 05:46:42,6,10,1024,40,0.3,0.001,0.0005,192,2,0.05,0.4,0.0012,0.0005,0.02,False,True,80,0.75,0.1,0.6932,0.0581,0.6671,0.0734
T0014,2025-09-23 05:46:57,10,10,1024,64,0.2,0.001,0.0001,128,2,0.2,0.3,0.001,0.0005,0.0,True,True,80,0.75,0.1,0.6541,0.0831,0.6347,0.1011
T0015,2025-09-23 05:47:11,12,12,512,48,0.1,0.0005,0.001,96,3,0.1,0.4,0.001,0.0001,0.0,False,True,80,0.75,0.15,0.7014,0.0717,0.6714,0.0832
T0016,2025-09-23 05:47:25,8,15,512,40,0.1,0.0005,0.0001,96,2,0.05,0.35,0.001,0.001,0.02,True,True,80,0.75,0.1,0.6541,0.0836,0.6314,0.0902
T0017,2025-09-23 05:48:04,6,10,512,48,0.3,0.001,0.0001,160,4,0.2,0.45,0.001,0.0003,0.0,False,True,80,0.8,0.1,0.6367,0.0737,0.5922,0.0897
T0018,2025-09-23 05:48:37,10,15,1024,48,0.3,0.001,0.0005,192,2,0.2,0.35,0.0012,0.0003,0.0,True,True,80,0.8,0.1,0.6667,0.0745,0.644,0.0772
T0019,2025-09-23 05:49:11,8,18,1024,64,0.2,0.0005,0.0005,160,3,0.05,0.3,0.001,0.0003,0.0,False,True,80,0.85,0.1,0.687,0.0978,0.6612,0.1121
T0020,2025-09-23 05:49:46,10,10,1024,56,0.3,0.001,0.0005,128,2,0.1,0.3,0.0012,0.001,0.0,True,True,80,0.85,0.15,0.6783,0.0621,0.6617,0.0681
T0021,2025-09-23 05:50:04,10,15,256,40,0.1,0.001,0.001,128,4,0.05,0.4,0.0012,0.0001,0.0,True,True,80,0.85,0.15,0.6935,0.0853,0.6845,0.0916
T0022,2025-09-23 05:50:17,8,18,512,40,0.2,0.0005,0.0001,128,4,0.2,0.3,0.001,0.0001,0.02,True,True,80,0.75,0.1,0.6554,0.0627,0.6288,0.071
T0023,2025-09-23 05:50:35,12,18,1024,64,0.2,0.0005,0.0005,160,2,0.1,0.4,0.0008,0.001,0.02,True,True,80,0.75,0.15,0.6716,0.0906,0.6459,0.1005
T0024,2025-09-23 05:50:52,12,15,1024,48,0.1,0.001,0.0001,128,4,0.05,0.4,0.0008,0.0005,0.01,True,True,80,0.8,0.1,0.6267,0.0975,0.6028,0.1041
T0025,2025-09-23 05:51:10,6,15,256,56,0.2,0.001,0.0005,192,2,0.2,0.45,0.0012,0.001,0.0,False,True,80,0.75,0.1,0.6878,0.0723,0.6598,0.0866
T0026,2025-09-23 05:51:22,12,15,1024,40,0.3,0.001,0.0005,160,2,0.1,0.45,0.0008,0.0005,0.02,True,True,80,0.8,0.1,0.67,0.0698,0.6435,0.0753
T0027,2025-09-23 05:51:40,6,18,1024,56,0.3,0.001,0.001,192,4,0.2,0.45,0.001,0.001,0.0,True,True,80,0.85,0.1,0.6674,0.0883,0.6588,0.0838
T0028,2025-09-23 05:51:55,6,18,1024,40,0.1,0.0005,0.0001,160,3,0.1,0.45,0.0008,0.0005,0.01,True,True,80,0.75,0.15,0.6392,0.0847,0.612,0.0985
T0029,2025-09-23 05:52:12,10,12,512,64,0.1,0.001,0.001,128,3,0.2,0.45,0.001,0.0005,0.02,True,True,80,0.8,0.15,0.63,0.0881,0.6076,0.093
T0030,2025-09-23 05:52:27,8,18,512,40,0.2,0.0005,0.0001,192,2,0.2,0.45,0.001,0.0001,0.0,True,True,80,0.8,0.15,0.665,0.0619,0.65,0.0692
T0031,2025-09-23 05:52:40,6,12,1024,56,0.3,0.0005,0.001,160,3,0.1,0.4,0.0012,0.0005,0.02,True,True,80,0.85,0.15,0.6978,0.0819,0.6913,0.0851
T0032,2025-09-23 05:52:56,10,12,512,48,0.2,0.001,0.0001,192,4,0.2,0.4,0.001,0.001,0.0,False,True,80,0.8,0.1,0.6667,0.0913,0.6383,0.0893
T0033,2025-09-23 05:53:10,8,15,1024,40,0.1,0.001,0.001,128,4,0.05,0.35,0.0012,0.0001,0.0,True,True,80,0.75,0.1,0.6919,0.0804,0.6651,0.0927
T0034,2025-09-23 05:53:27,8,10,1024,48,0.2,0.001,0.0001,192,2,0.05,0.45,0.0008,0.001,0.01,False,True,80,0.75,0.15,0.6405,0.082,0.6064,0.0846
T0035,2025-09-23 05:53:43,10,10,256,40,0.2,0.0005,0.0005,128,4,0.2,0.4,0.001,0.001,0.01,False,True,80,0.8,0.1,0.6867,0.0741,0.653,0.09
T0036,2025-09-23 05:53:58,12,15,512,48,0.3,0.0005,0.0001,128,4,0.2,0.45,0.001,0.0005,0.0,False,True,80,0.75,0.15,0.6405,0.0793,0.5985,0.079
T0037,2025-09-23 05:54:13,6,18,1024,40,0.1,0.0005,0.0005,128,3,0.2,0.4,0.001,0.0005,0.0,True,True,80,0.8,0.15,0.6467,0.0777,0.6256,0.0847
T0038,2025-09-23 05:54:28,6,18,512,64,0.3,0.0005,0.0001,128,2,0.1,0.3,0.0008,0.0001,0.01,False,True,80,0.75,0.15,0.6527,0.0669,0.6152,0.0835
T0039,2025-09-23 05:54:42,6,18,256,64,0.1,0.0005,0.0001,128,3,0.2,0.45,0.001,0.001,0.02,True,True,80,0.75,0.1,0.65,0.0681,0.6276,0.0721
T0040,2025-09-23 05:54:57,6,15,256,64,0.1,0.001,0.001,96,3,0.05,0.45,0.0008,0.0005,0.02,True,True,80,0.8,0.1,0.69,0.0831,0.6748,0.0907
T0041,2025-09-23 05:55:13,10,10,256,48,0.3,0.001,0.0001,192,4,0.1,0.35,0.0012,0.001,0.02,False,True,80,0.85,0.1,0.6326,0.083,0.6115,0.0959
T0042,2025-09-23 05:55:28,8,15,256,48,0.3,0.001,0.0005,192,3,0.05,0.4,0.0008,0.0007,0.02,False,True,80,0.8,0.1,0.7,0.0494,0.6728,0.0587
T0043,2025-09-23 05:55:43,10,10,256,48,0.1,0.0005,0.001,160,2,0.2,0.35,0.0012,0.001,0.01,False,True,80,0.8,0.1,0.705,0.0777,0.6851,0.0795
T0044,2025-09-23 05:55:56,8,18,1024,56,0.1,0.0005,0.0001,96,2,0.05,0.4,0.0008,0.0007,0.02,True,True,80,0.85,0.1,0.6391,0.0632,0.6107,0.064
T0045,2025-09-23 05:56:14,12,10,256,56,0.3,0.0005,0.0001,96,4,0.05,0.35,0.001,0.0007,0.0,True,True,80,0.75,0.1,0.6689,0.0591,0.6483,0.0681
T0046,2025-09-23 05:56:29,12,15,256,48,0.1,0.001,0.0005,128,4,0.05,0.4,0.001,0.0001,0.01,False,True,80,0.85,0.15,0.6587,0.0828,0.6316,0.0865
T0047,2025-09-23 05:56:46,6,12,512,56,0.1,0.0005,0.0005,96,3,0.05,0.45,0.0008,0.0005,0.01,False,True,80,0.8,0.1,0.6733,0.0847,0.644,0.0934
T0048,2025-09-23 05:57:03,8,10,256,64,0.3,0.001,0.0001,160,4,0.2,0.3,0.001,0.0003,0.02,True,True,80,0.75,0.15,0.65,0.0817,0.6337,0.082
T0049,2025-09-23 05:57:18,8,10,512,40,0.3,0.0005,0.001,96,2,0.05,0.4,0.0008,0.0007,0.02,True,True,80,0.75,0.1,0.7027,0.0673,0.6845,0.0703
T0050,2025-09-23 05:57:37,8,15,1024,40,0.3,0.001,0.001,96,4,0.05,0.4,0.0012,0.0007,0.01,False,True,80,0.85,0.15,0.6891,0.0769,0.6722,0.0829
T0051,2025-09-23 05:57:55,12,12,256,40,0.3,0.0005,0.0005,128,2,0.05,0.3,0.001,0.001,0.01,False,True,80,0.85,0.15,0.6848,0.0739,0.6639,0.0761
T0052,2025-09-23 05:58:08,10,18,1024,56,0.3,0.001,0.001,96,2,0.05,0.35,0.001,0.001,0.0,False,True,80,0.75,0.1,0.6757,0.071,0.6462,0.078
T0053,2025-09-23 05:58:23,6,15,1024,40,0.3,0.001,0.001,128,3,0.2,0.45,0.0012,0.0005,0.01,True,True,80,0.75,0.15,0.6878,0.0813,0.6671,0.0841
T0054,2025-09-23 05:58:40,6,15,1024,48,0.3,0.001,0.001,160,4,0.05,0.4,0.0008,0.001,0.02,False,True,80,0.85,0.1,0.6696,0.0758,0.6487,0.089
T0055,2025-09-23 05:58:57,12,10,1024,48,0.1,0.001,0.0005,128,3,0.1,0.3,0.0008,0.0007,0.02,True,True,80,0.85,0.15,0.6522,0.0645,0.6382,0.0678
T0056,2025-09-23 05:59:14,12,18,512,56,0.1,0.0005,0.001,128,2,0.2,0.45,0.0012,0.0003,0.01,False,True,80,0.75,0.15,0.7095,0.0744,0.6802,0.0814
T0057,2025-09-23 05:59:27,6,10,512,56,0.2,0.0005,0.0005,96,2,0.05,0.4,0.0008,0.0007,0.02,False,True,80,0.85,0.1,0.7152,0.0558,0.6878,0.0717
T0058,2025-09-23 05:59:43,10,15,512,40,0.3,0.001,0.0001,96,3,0.05,0.3,0.0008,0.0005,0.02,False,True,80,0.75,0.15,0.6554,0.0744,0.6258,0.0933
T0059,2025-09-23 05:59:59,10,10,1024,40,0.3,0.001,0.001,160,4,0.05,0.3,0.001,0.001,0.01,False,True,80,0.85,0.1,0.6652,0.086,0.6397,0.0956
T0060,2025-09-23 06:00:17,6,10,1024,64,0.2,0.0005,0.0005,96,4,0.05,0.45,0.0012,0.0007,0.0,True,True,80,0.75,0.1,0.6608,0.0676,0.6416,0.0697
T0061,2025-09-23 06:00:34,6,10,256,48,0.3,0.0005,0.0001,160,3,0.05,0.4,0.001,0.0001,0.02,False,True,80,0.85,0.1,0.6978,0.0807,0.6762,0.089
T0062,2025-09-23 06:00:48,8,18,1024,40,0.2,0.001,0.0001,160,4,0.05,0.4,0.0012,0.0007,0.01,True,True,80,0.85,0.15,0.6565,0.0835,0.6388,0.0942
T0063,2025-09-23 06:01:06,12,10,512,64,0.1,0.001,0.0005,160,2,0.2,0.35,0.0012,0.0001,0.02,False,True,80,0.75,0.15,0.6649,0.0865,0.6323,0.0999
T0064,2025-09-23 06:01:20,6,18,256,48,0.3,0.001,0.0001,96,3,0.2,0.3,0.001,0.001,0.01,False,True,80,0.8,0.15,0.6517,0.0572,0.6278,0.0593
T0065,2025-09-23 06:01:35,12,18,512,40,0.1,0.0005,0.0005,160,2,0.2,0.45,0.001,0.0001,0.0,True,True,80,0.8,0.1,0.71,0.0907,0.6923,0.0942
T0066,2025-09-23 06:01:49,8,12,256,64,0.3,0.0005,0.001,192,4,0.1,0.45,0.001,0.0005,0.02,False,True,80,0.85,0.1,0.6891,0.0828,0.671,0.0895
T0067,2025-09-23 06:02:04,8,18,512,64,0.3,0.001,0.001,192,2,0.1,0.3,0.0008,0.0001,0.01,False,True,80,0.75,0.15,0.677,0.0654,0.6504,0.0695
T0068,2025-09-23 06:02:19,8,15,512,64,0.2,0.001,0.0001,160,2,0.1,0.35,0.001,0.0003,0.02,True,True,80,0.85,0.15,0.6457,0.0705,0.6312,0.0772
T0069,2025-09-23 06:02:34,6,10,512,64,0.2,0.0005,0.001,192,2,0.05,0.3,0.0012,0.0005,0.02,True,True,80,0.8,0.15,0.6967,0.0752,0.6807,0.0732
T0070,2025-09-23 06:02:48,12,12,1024,64,0.3,0.001,0.0005,192,2,0.1,0.4,0.0008,0.0001,0.01,True,True,80,0.75,0.15,0.6649,0.0737,0.6389,0.0837
T0071,2025-09-23 06:03:03,6,18,1024,48,0.3,0.0005,0.0005,160,2,0.2,0.45,0.001,0.0003,0.0,True,True,80,0.8,0.15,0.6533,0.0921,0.6315,0.0952
T0072,2025-09-23 06:03:17,12,18,256,64,0.3,0.001,0.0001,192,4,0.1,0.3,0.0012,0.0005,0.0,True,True,80,0.85,0.1,0.6609,0.082,0.6363,0.0936
T0073,2025-09-23 06:03:31,12,15,256,56,0.2,0.001,0.0001,96,4,0.1,0.45,0.0012,0.0003,0.02,False,True,80,0.85,0.1,0.6826,0.0661,0.6519,0.0794
T0074,2025-09-23 06:03:47,12,10,256,64,0.3,0.0005,0.0005,128,2,0.05,0.3,0.001,0.0007,0.01,True,True,80,0.85,0.15,0.6978,0.0746,0.6899,0.0749
T0075,2025-09-23 06:03:59,12,18,512,56,0.2,0.001,0.001,160,3,0.05,0.45,0.0012,0.001,0.0,True,True,80,0.8,0.15,0.69,0.0659,0.6707,0.0676
T0076,2025-09-23 06:04:13,12,10,256,48,0.1,0.001,0.0005,192,3,0.05,0.3,0.001,0.001,0.01,False,True,80,0.75,0.15,0.6797,0.0812,0.6469,0.1008
T0077,2025-09-23 06:04:27,10,18,256,64,0.2,0.001,0.0001,128,3,0.05,0.35,0.0008,0.0007,0.0,False,True,80,0.8,0.1,0.6167,0.0742,0.5894,0.0806
T0078,2025-09-23 06:04:41,10,10,1024,64,0.2,0.001,0.001,96,3,0.2,0.35,0.0008,0.0007,0.01,True,True,80,0.8,0.15,0.6383,0.0661,0.6193,0.0733
T0079,2025-09-23 06:04:58,6,18,1024,40,0.2,0.001,0.001,128,3,0.05,0.4,0.001,0.0003,0.0,True,True,80,0.8,0.15,0.6783,0.0784,0.6634,0.0849
T0080,2025-09-23 06:05:14,10,12,1024,64,0.2,0.001,0.0005,160,4,0.1,0.45,0.001,0.0003,0.0,False,True,80,0.85,0.15,0.6522,0.0902,0.6238,0.0947
T0081,2025-09-23 06:05:31,12,10,512,40,0.1,0.001,0.0001,96,3,0.2,0.45,0.001,0.0001,0.01,False,True,80,0.75,0.1,0.6784,0.0745,0.6409,0.0969
T0082,2025-09-23 06:05:48,12,10,1024,48,0.1,0.0005,0.0001,160,2,0.1,0.35,0.0008,0.0005,0.0,False,True,80,0.8,0.1,0.6283,0.0902,0.5898,0.091
T0083,2025-09-23 06:06:03,6,12,1024,40,0.1,0.0005,0.0005,192,2,0.2,0.35,0.0012,0.001,0.01,True,True,80,0.8,0.15,0.68,0.071,0.6544,0.0765
T0084,2025-09-23 06:06:19,10,18,512,64,0.3,0.0005,0.001,128,2,0.1,0.35,0.0012,0.0005,0.01,False,True,80,0.75,0.15,0.6959,0.0678,0.6569,0.0796
T0085,2025-09-23 06:06:33,10,12,256,48,0.1,0.0005,0.0001,128,4,0.2,0.45,0.0012,0.001,0.0,True,True,80,0.75,0.15,0.65,0.0723,0.6283,0.0797
T0086,2025-09-23 06:06:47,6,18,512,64,0.1,0.0005,0.0001,96,3,0.05,0.3,0.0012,0.0007,0.0,False,True,80,0.75,0.15,0.6703,0.0814,0.635,0.0879
T0087,2025-09-23 06:07:02,8,18,512,64,0.2,0.0005,0.001,128,2,0.2,0.35,0.001,0.0001,0.02,False,True,80,0.85,0.1,0.6739,0.0747,0.6502,0.0864
T0088,2025-09-23 06:07:15,6,10,256,48,0.1,0.001,0.0005,96,4,0.2,0.4,0.0008,0.0007,0.0,True,True,80,0.75,0.1,0.6257,0.0898,0.6043,0.0912
T0089,2025-09-23 06:07:31,6,10,1024,40,0.2,0.001,0.001,128,4,0.2,0.3,0.001,0.001,0.0,True,True,80,0.75,0.15,0.6824,0.0837,0.6618,0.0856
T0090,2025-09-23 06:07:48,12,10,1024,64,0.2,0.001,0.001,160,4,0.1,0.35,0.0012,0.0001,0.02,False,True,80,0.8,0.15,0.645,0.0791,0.6091,0.0902
T0091,2025-09-23 06:08:06,8,18,512,64,0.2,0.0005,0.001,128,2,0.1,0.45,0.0008,0.0003,0.01,False,True,80,0.75,0.1,0.6703,0.0697,0.6434,0.0812
T0092,2025-09-23 06:08:20,12,18,1024,64,0.1,0.001,0.0005,96,2,0.05,0.4,0.001,0.001,0.0,False,True,80,0.8,0.15,0.6417,0.0666,0.6027,0.0757
T0093,2025-09-23 06:08:35,8,15,512,64,0.2,0.001,0.0005,128,2,0.05,0.45,0.001,0.001,0.02,False,True,80,0.75,0.15,0.6581,0.083,0.6271,0.0963
T0094,2025-09-23 06:08:50,8,10,256,48,0.2,0.001,0.0001,160,2,0.1,0.45,0.001,0.0001,0.01,False,True,80,0.75,0.15,0.6378,0.0625,0.6056,0.0718
T0095,2025-09-23 06:09:03,12,12,256,56,0.3,0.001,0.0005,96,2,0.1,0.3,0.0008,0.0001,0.02,False,True,80,0.75,0.15,0.6811,0.0703,0.646,0.0727
T0096,2025-09-23 06:09:18,8,12,256,48,0.1,0.001,0.0001,192,4,0.2,0.4,0.001,0.001,0.02,False,True,80,0.8,0.1,0.6483,0.0741,0.6178,0.075
T0097,2025-09-23 06:09:34,12,15,256,56,0.2,0.001,0.001,160,3,0.1,0.4,0.001,0.0007,0.02,False,True,80,0.8,0.15,0.6967,0.0795,0.6606,0.0882
T0098,2025-09-23 06:09:48,6,18,1024,48,0.1,0.001,0.001,96,2,0.05,0.4,0.0008,0.0007,0.02,True,True,80,0.8,0.1,0.62,0.0921,0.5995,0.0973
T0099,2025-09-23 06:10:05,6,15,256,56,0.3,0.0005,0.001,96,3,0.1,0.4,0.0008,0.0001,0.02,False,True,80,0.85,0.15,0.7152,0.0927,0.6985,0.1031
T0100,2025-09-23 06:10:20,10,18,256,64,0.1,0.0005,0.0005,160,3,0.2,0.35,0.0012,0.0007,0.01,True,True,80,0.85,0.15,0.6913,0.0801,0.6756,0.0857
T0101,2025-09-23 06:10:34,8,12,1024,64,0.1,0.001,0.0005,96,3,0.2,0.45,0.0012,0.001,0.0,True,True,80,0.75,0.1,0.6905,0.0619,0.6678,0.0696
T0102,2025-09-23 06:10:50,6,18,1024,64,0.1,0.0005,0.001,96,2,0.1,0.3,0.001,0.001,0.02,True,True,80,0.8,0.1,0.6667,0.0919,0.6469,0.0955
T0103,2025-09-23 06:11:08,8,10,1024,40,0.3,0.0005,0.0005,128,4,0.05,0.35,0.0008,0.001,0.01,True,True,80,0.85,0.1,0.6761,0.0853,0.6462,0.0912
T0104,2025-09-23 06:11:27,12,15,1024,64,0.2,0.0005,0.0001,160,3,0.1,0.45,0.001,0.001,0.01,False,True,80,0.8,0.1,0.655,0.0838,0.6202,0.0884
T0105,2025-09-23 06:11:44,12,15,256,64,0.2,0.001,0.0001,192,4,0.05,0.45,0.001,0.0003,0.01,True,True,80,0.75,0.1,0.6284,0.0792,0.6081,0.085
T0106,2025-09-23 06:12:00,12,18,256,48,0.2,0.0005,0.001,192,2,0.2,0.35,0.001,0.0001,0.02,True,True,80,0.8,0.15,0.7083,0.0816,0.6913,0.0862
T0107,2025-09-23 06:12:14,8,10,1024,64,0.3,0.001,0.0001,96,4,0.1,0.45,0.0008,0.0005,0.0,True,True,80,0.75,0.1,0.6459,0.0824,0.619,0.0855
T0108,2025-09-23 06:12:32,6,15,512,56,0.1,0.0005,0.0005,160,3,0.1,0.3,0.0012,0.001,0.01,True,True,80,0.75,0.15,0.6811,0.0718,0.6566,0.079
T0109,2025-09-23 06:12:47,10,12,512,48,0.1,0.001,0.001,192,4,0.2,0.35,0.001,0.0001,0.0,False,True,80,0.85,0.15,0.6957,0.0766,0.6784,0.0817
T0110,2025-09-23 06:13:02,6,15,512,48,0.3,0.0005,0.001,192,2,0.05,0.4,0.0012,0.0001,0.02,True,True,80,0.75,0.1,0.7108,0.0657,0.6884,0.0666
T0111,2025-09-23 06:13:18,6,10,1024,40,0.3,0.001,0.0001,192,3,0.05,0.45,0.0008,0.001,0.02,False,True,80,0.8,0.15,0.6783,0.0845,0.6493,0.087
T0112,2025-09-23 06:13:36,6,18,512,48,0.3,0.0005,0.0005,160,3,0.2,0.45,0.0012,0.0007,0.0,True,True,80,0.8,0.1,0.6617,0.0832,0.6438,0.0862
T0113,2025-09-23 06:13:51,10,10,256,56,0.2,0.0005,0.001,192,2,0.1,0.35,0.0008,0.0003,0.01,False,True,80,0.75,0.1,0.7081,0.0733,0.6779,0.0739
T0114,2025-09-23 06:14:04,6,10,1024,56,0.1,0.0005,0.0001,128,3,0.1,0.45,0.0012,0.0007,0.0,True,True,80,0.75,0.15,0.623,0.0631,0.595,0.0702
T0115,2025-09-23 06:14:19,8,15,512,48,0.2,0.001,0.0005,160,2,0.05,0.35,0.0008,0.0003,0.01,True,True,80,0.85,0.1,0.6913,0.0494,0.6752,0.0594
T0116,2025-09-23 06:14:34,10,18,512,48,0.1,0.001,0.0005,192,2,0.05,0.3,0.0012,0.001,0.02,True,True,80,0.75,0.1,0.6797,0.0674,0.6603,0.074
T0117,2025-09-23 06:14:50,12,12,256,64,0.1,0.0005,0.0005,160,2,0.1,0.45,0.001,0.0007,0.01,True,True,80,0.75,0.15,0.6784,0.0819,0.6627,0.0901
T0118,2025-09-23 06:15:04,10,15,256,64,0.3,0.0005,0.001,96,4,0.05,0.3,0.001,0.0005,0.01,False,True,80,0.8,0.15,0.6883,0.0626,0.6617,0.0636
T0119,2025-09-23 06:15:20,8,10,256,64,0.2,0.001,0.0005,192,3,0.1,0.4,0.001,0.0005,0.01,False,True,80,0.8,0.1,0.675,0.0842,0.6503,0.0807
T0120,2025-09-23 06:15:34,6,12,1024,64,0.1,0.0005,0.0001,96,2,0.1,0.35,0.0012,0.0007,0.01,True,True,80,0.85,0.15,0.6674,0.1169,0.6446,0.1306
T0121,2025-09-23 06:15:50,10,12,256,40,0.2,0.0005,0.0001,128,3,0.1,0.35,0.0008,0.0001,0.02,True,True,80,0.8,0.15,0.6683,0.0687,0.6528,0.069
T0122,2025-09-23 06:16:06,12,15,512,64,0.2,0.0005,0.001,96,3,0.1,0.45,0.0012,0.0001,0.02,True,True,80,0.85,0.1,0.6978,0.0591,0.6835,0.0685
T0123,2025-09-23 06:16:22,10,10,512,56,0.1,0.0005,0.0001,128,2,0.2,0.4,0.0012,0.0005,0.02,False,True,80,0.85,0.1,0.6739,0.0772,0.6521,0.0842
T0124,2025-09-23 06:16:36,10,10,512,40,0.3,0.001,0.001,96,2,0.05,0.3,0.0008,0.0007,0.01,True,True,80,0.85,0.15,0.6913,0.0726,0.6803,0.0793
T0125,2025-09-23 06:16:52,12,18,512,40,0.3,0.0005,0.0005,160,3,0.05,0.35,0.0012,0.0007,0.0,False,True,80,0.75,0.1,0.6932,0.0641,0.6589,0.0734
T0126,2025-09-23 06:17:06,10,12,256,40,0.3,0.001,0.0005,128,2,0.2,0.35,0.001,0.0003,0.0,True,True,80,0.85,0.15,0.6848,0.08,0.6769,0.0861
T0127,2025-09-23 06:17:19,6,12,256,48,0.2,0.0005,0.0001,96,3,0.05,0.3,0.0012,0.0001,0.01,False,True,80,0.85,0.1,0.6565,0.0911,0.6309,0.0959
T0128,2025-09-23 06:17:33,8,15,512,48,0.1,0.0005,0.0005,192,3,0.05,0.4,0.001,0.0005,0.01,False,True,80,0.75,0.15,0.6811,0.0831,0.65,0.0963
T0129,2025-09-23 06:17:50,8,12,256,40,0.3,0.001,0.0005,128,4,0.05,0.3,0.0012,0.0005,0.01,False,True,80,0.85,0.1,0.687,0.0785,0.6663,0.0817
T0130,2025-09-23 06:18:05,8,18,256,56,0.2,0.0005,0.0001,96,4,0.1,0.35,0.0012,0.0005,0.01,False,True,80,0.8,0.15,0.6617,0.0818,0.6328,0.0852
T0131,2025-09-23 06:18:21,10,15,256,40,0.1,0.0005,0.0005,192,3,0.05,0.4,0.0008,0.0005,0.02,False,True,80,0.85,0.15,0.7022,0.0757,0.686,0.0729
T0132,2025-09-23 06:18:35,12,10,512,56,0.1,0.001,0.0005,96,2,0.05,0.45,0.0008,0.0003,0.02,True,True,80,0.75,0.1,0.6514,0.0639,0.6349,0.0661
T0133,2025-09-23 06:18:52,8,12,256,56,0.1,0.001,0.0005,192,2,0.1,0.45,0.001,0.0003,0.02,False,True,80,0.85,0.15,0.7043,0.0785,0.6835,0.0773
T0134,2025-09-23 06:19:06,10,15,256,56,0.1,0.0005,0.0005,192,2,0.05,0.45,0.0012,0.001,0.0,False,True,80,0.85,0.15,0.7022,0.0705,0.6779,0.0852
T0135,2025-09-23 06:19:18,8,15,256,40,0.3,0.001,0.0001,96,2,0.1,0.3,0.001,0.0007,0.0,False,True,80,0.8,0.15,0.655,0.0818,0.6252,0.0915
T0136,2025-09-23 06:19:32,10,18,512,48,0.2,0.0005,0.0001,192,3,0.1,0.45,0.001,0.0007,0.0,False,True,80,0.75,0.1,0.6581,0.0569,0.623,0.076
T0137,2025-09-23 06:19:48,8,12,1024,40,0.3,0.0005,0.0001,192,3,0.1,0.4,0.0008,0.0001,0.01,True,True,80,0.75,0.1,0.6811,0.0583,0.6613,0.0656
T0138,2025-09-23 06:20:06,12,10,256,40,0.1,0.0005,0.001,96,2,0.05,0.3,0.0008,0.001,0.01,True,True,80,0.75,0.1,0.7068,0.0575,0.6876,0.0671
T0139,2025-09-23 06:20:21,8,15,512,64,0.3,0.001,0.0001,96,3,0.2,0.35,0.0008,0.001,0.01,False,True,80,0.75,0.1,0.6595,0.0582,0.616,0.0663
T0140,2025-09-23 06:20:38,6,15,1024,40,0.2,0.001,0.001,192,4,0.05,0.35,0.001,0.0001,0.0,False,True,80,0.85,0.15,0.7022,0.0817,0.6746,0.0854
T0141,2025-09-23 06:20:55,6,10,512,64,0.3,0.001,0.001,160,3,0.05,0.3,0.0008,0.0007,0.0,True,True,80,0.85,0.1,0.6783,0.0806,0.6631,0.0873
T0142,2025-09-23 06:21:10,10,18,512,48,0.2,0.001,0.001,128,2,0.2,0.45,0.0012,0.0007,0.01,True,True,80,0.75,0.1,0.7081,0.0632,0.6851,0.0677
T0143,2025-09-23 06:21:25,12,12,1024,40,0.3,0.001,0.001,160,2,0.05,0.4,0.001,0.0007,0.01,False,True,80,0.75,0.1,0.7054,0.072,0.6742,0.0782
T0144,2025-09-23 06:21:42,6,10,512,64,0.3,0.0005,0.0005,160,3,0.2,0.45,0.0012,0.0005,0.01,False,True,80,0.85,0.15,0.687,0.0668,0.6679,0.0774
T0145,2025-09-23 06:21:57,10,10,256,64,0.2,0.0005,0.0005,192,2,0.05,0.35,0.0008,0.0003,0.02,True,True,80,0.85,0.1,0.7,0.0713,0.685,0.0765
T0146,2025-09-23 06:22:11,10,12,256,40,0.2,0.0005,0.0001,160,4,0.2,0.3,0.0008,0.001,0.0,True,True,80,0.75,0.1,0.6689,0.0616,0.6522,0.0638
T0147,2025-09-23 06:22:26,10,15,512,48,0.1,0.0005,0.001,128,4,0.1,0.4,0.001,0.0001,0.02,False,True,80,0.85,0.15,0.6717,0.0721,0.6488,0.0648
T0148,2025-09-23 06:22:42,6,15,256,64,0.2,0.0005,0.0005,192,3,0.1,0.35,0.0008,0.001,0.0,True,True,80,0.8,0.15,0.6633,0.0737,0.6452,0.0769
T0149,2025-09-23 06:22:54,10,10,512,40,0.3,0.0005,0.0005,96,4,0.2,0.35,0.0012,0.001,0.02,False,True,80,0.8,0.15,0.6917,0.0809,0.6671,0.0925
T0150,2025-09-23 06:23:10,8,10,256,64,0.2,0.0005,0.0005,128,4,0.2,0.3,0.0008,0.001,0.02,False,True,80,0.8,0.1,0.6617,0.0685,0.6354,0.0709
T0151,2025-09-23 06:23:24,12,10,256,40,0.3,0.0005,0.0001,160,4,0.05,0.35,0.0008,0.0007,0.0,False,True,80,0.8,0.15,0.6867,0.0792,0.6406,0.1005
T0152,2025-09-23 06:23:39,12,15,1024,64,0.2,0.0005,0.0005,192,3,0.2,0.3,0.0008,0.0007,0.02,False,True,80,0.85,0.15,0.6522,0.0778,0.632,0.0868
T0153,2025-09-23 06:23:55,10,18,1024,56,0.3,0.0005,0.001,160,2,0.1,0.35,0.0008,0.0005,0.02,False,True,80,0.85,0.15,0.6957,0.074,0.6796,0.0758
T0154,2025-09-23 06:24:10,8,18,1024,64,0.3,0.001,0.0005,192,4,0.05,0.3,0.0008,0.0001,0.0,False,True,80,0.75,0.1,0.6946,0.0663,0.6694,0.0778
T0155,2025-09-23 06:24:26,8,12,256,48,0.3,0.001,0.0001,192,3,0.1,0.3,0.001,0.0001,0.01,False,True,80,0.85,0.15,0.6717,0.0819,0.6596,0.0911
T0156,2025-09-23 06:24:39,12,15,1024,56,0.3,0.001,0.0001,96,4,0.2,0.45,0.001,0.0001,0.0,True,True,80,0.8,0.1,0.65,0.0997,0.6244,0.1019
T0157,2025-09-23 06:24:57,8,18,256,40,0.3,0.001,0.001,96,3,0.2,0.45,0.0008,0.0005,0.02,True,True,80,0.85,0.15,0.6978,0.0795,0.6826,0.0872
T0158,2025-09-23 06:25:12,8,10,1024,40,0.3,0.0005,0.0001,192,3,0.1,0.3,0.0012,0.0005,0.02,True,True,80,0.75,0.15,0.6392,0.0701,0.6204,0.0823
T0159,2025-09-23 06:25:29,6,15,1024,64,0.3,0.001,0.0005,160,4,0.2,0.3,0.0008,0.0007,0.01,True,True,80,0.85,0.15,0.6717,0.0759,0.6604,0.0866
T0160,2025-09-23 06:25:47,12,10,1024,64,0.1,0.001,0.001,160,3,0.05,0.4,0.001,0.0007,0.01,False,True,80,0.75,0.1,0.6811,0.0626,0.6404,0.0722
T0161,2025-09-23 06:26:04,6,18,1024,56,0.3,0.0005,0.001,160,3,0.2,0.4,0.0008,0.0005,0.01,False,True,80,0.75,0.1,0.7,0.0797,0.6751,0.0842
T0162,2025-09-23 06:26:22,6,18,1024,64,0.3,0.001,0.0001,96,3,0.1,0.3,0.0008,0.0005,0.01,True,True,80,0.75,0.1,0.6676,0.0587,0.6442,0.0648
T0163,2025-09-23 06:26:42,6,10,1024,48,0.2,0.0005,0.0005,192,4,0.2,0.3,0.0012,0.0007,0.01,False,True,80,0.8,0.1,0.6367,0.0829,0.595,0.0939
T0164,2025-09-23 06:27:02,10,15,256,48,0.3,0.001,0.001,192,2,0.1,0.35,0.001,0.0007,0.02,False,True,80,0.75,0.1,0.6959,0.0667,0.6666,0.0802
T0165,2025-09-23 06:27:15,6,12,256,64,0.2,0.001,0.001,192,3,0.2,0.45,0.0008,0.0005,0.01,False,True,80,0.85,0.15,0.6804,0.0915,0.6628,0.0958
T0166,2025-09-23 06:27:29,8,10,512,56,0.2,0.0005,0.0001,96,4,0.05,0.35,0.0008,0.001,0.02,True,True,80,0.75,0.1,0.6703,0.0728,0.6407,0.0914
T0167,2025-09-23 06:27:48,10,10,1024,48,0.2,0.0005,0.0005,128,3,0.2,0.4,0.0008,0.0003,0.01,True,True,80,0.8,0.1,0.66,0.0964,0.6456,0.1007
T0168,2025-09-23 06:28:07,6,12,256,40,0.2,0.001,0.0001,160,4,0.2,0.35,0.0012,0.0007,0.0,True,True,80,0.75,0.15,0.6486,0.0715,0.6261,0.0844
T0169,2025-09-23 06:28:21,12,15,512,48,0.2,0.001,0.0001,160,4,0.1,0.45,0.0012,0.0005,0.0,True,True,80,0.85,0.15,0.6717,0.0885,0.6461,0.0993
T0170,2025-09-23 06:28:35,6,15,256,48,0.3,0.0005,0.0005,160,2,0.1,0.3,0.0008,0.0003,0.02,False,True,80,0.8,0.15,0.675,0.0649,0.6472,0.0647
T0171,2025-09-23 06:28:48,10,15,512,40,0.3,0.0005,0.0005,128,2,0.05,0.45,0.0008,0.0007,0.01,False,True,80,0.85,0.15,0.6978,0.0694,0.6753,0.0768
T0172,2025-09-23 06:29:04,8,12,256,64,0.1,0.0005,0.001,128,2,0.2,0.35,0.0012,0.0003,0.0,True,True,80,0.75,0.1,0.7014,0.0557,0.6827,0.0624
T0173,2025-09-23 06:29:15,8,12,1024,48,0.2,0.0005,0.0005,128,3,0.05,0.4,0.0008,0.001,0.0,True,True,80,0.75,0.1,0.6892,0.0607,0.6652,0.069
T0174,2025-09-23 06:29:31,12,18,1024,56,0.1,0.001,0.0005,128,2,0.1,0.3,0.0008,0.001,0.0,False,True,80,0.85,0.15,0.687,0.0748,0.6684,0.0742
T0175,2025-09-23 06:29:47,10,15,1024,56,0.1,0.001,0.0005,192,3,0.1,0.45,0.0012,0.0003,0.0,False,True,80,0.8,0.15,0.6367,0.0795,0.6049,0.083
T0176,2025-09-23 06:30:02,10,10,256,64,0.3,0.0005,0.001,192,2,0.2,0.3,0.0012,0.0007,0.0,False,True,80,0.8,0.15,0.695,0.0599,0.672,0.0628
T0177,2025-09-23 06:30:13,6,12,512,64,0.1,0.0005,0.0005,192,3,0.1,0.4,0.0008,0.0001,0.01,True,True,80,0.75,0.1,0.7108,0.0663,0.6893,0.0741
T0178,2025-09-23 06:30:28,8,15,512,56,0.2,0.0005,0.0005,192,4,0.1,0.45,0.0012,0.0007,0.0,False,True,80,0.75,0.1,0.6878,0.0733,0.6604,0.0835
T0179,2025-09-23 06:30:43,8,18,1024,64,0.2,0.0005,0.0005,128,2,0.1,0.4,0.001,0.001,0.0,True,True,80,0.8,0.1,0.6217,0.0902,0.5973,0.0894
T0180,2025-09-23 06:30:57,8,10,1024,40,0.1,0.0005,0.001,192,4,0.1,0.45,0.001,0.0005,0.02,True,True,80,0.85,0.15,0.6783,0.0733,0.6619,0.0758
T0181,2025-09-23 06:31:16,12,12,1024,40,0.3,0.0005,0.0005,128,3,0.05,0.4,0.0008,0.0007,0.02,False,True,80,0.75,0.15,0.6716,0.0873,0.6365,0.1
T0182,2025-09-23 06:31:34,6,12,512,48,0.2,0.001,0.0005,192,3,0.05,0.3,0.001,0.0003,0.0,True,True,80,0.8,0.1,0.6467,0.071,0.6249,0.077
T0183,2025-09-23 06:31:48,10,12,1024,48,0.1,0.001,0.001,192,4,0.2,0.4,0.001,0.0007,0.01,True,True,80,0.85,0.15,0.6522,0.079,0.6415,0.0831
T0184,2025-09-23 06:32:06,12,15,1024,40,0.3,0.0005,0.001,96,4,0.1,0.3,0.0008,0.0005,0.01,True,True,80,0.75,0.1,0.673,0.065,0.6547,0.0759
T0185,2025-09-23 06:32:26,8,18,256,48,0.3,0.001,0.001,96,4,0.1,0.35,0.0012,0.001,0.0,True,True,80,0.85,0.15,0.6935,0.0784,0.6852,0.0824
T0186,2025-09-23 06:32:40,10,10,512,40,0.1,0.0005,0.0001,160,4,0.1,0.4,0.0012,0.0003,0.0,False,True,80,0.85,0.15,0.6522,0.0701,0.6329,0.0823
T0187,2025-09-23 06:32:56,12,18,256,56,0.1,0.001,0.0005,128,3,0.2,0.35,0.001,0.0003,0.0,False,True,80,0.75,0.1,0.673,0.0639,0.6386,0.0778
T0188,2025-09-23 06:33:10,10,15,1024,40,0.1,0.0005,0.001,160,2,0.1,0.35,0.0008,0.0001,0.02,False,True,80,0.75,0.15,0.6919,0.0664,0.6527,0.0749
T0189,2025-09-23 06:33:26,12,18,1024,40,0.3,0.001,0.0005,160,3,0.05,0.35,0.0012,0.001,0.0,True,True,80,0.75,0.15,0.6608,0.0767,0.6386,0.088
T0190,2025-09-23 06:33:41,12,15,512,56,0.1,0.0005,0.001,96,3,0.1,0.3,0.0008,0.0005,0.0,False,True,80,0.85,0.15,0.6609,0.0748,0.6426,0.076
T0191,2025-09-23 06:33:57,12,12,512,56,0.2,0.001,0.001,160,2,0.1,0.35,0.001,0.0005,0.02,False,True,80,0.75,0.15,0.7122,0.0785,0.6864,0.0882
T0192,2025-09-23 06:34:11,8,18,512,40,0.2,0.001,0.001,96,3,0.05,0.3,0.0008,0.0001,0.0,False,True,80,0.8,0.15,0.6667,0.0753,0.6453,0.0751
T0193,2025-09-23 06:34:26,6,10,1024,40,0.2,0.0005,0.0001,128,4,0.1,0.45,0.0012,0.0003,0.0,True,True,80,0.75,0.15,0.6122,0.05,0.5876,0.0552
T0194,2025-09-23 06:34:42,8,12,512,56,0.3,0.0005,0.001,192,4,0.05,0.45,0.0008,0.0003,0.0,True,True,80,0.85,0.15,0.7109,0.0731,0.7006,0.0764
T0195,2025-09-23 06:34:56,8,18,256,48,0.1,0.0005,0.0005,160,2,0.2,0.4,0.0012,0.001,0.0,True,True,80,0.85,0.1,0.6913,0.0879,0.681,0.0916
T0196,2025-09-23 06:35:08,10,10,1024,64,0.3,0.0005,0.001,128,2,0.05,0.45,0.001,0.001,0.01,False,True,80,0.85,0.1,0.6696,0.0818,0.6442,0.0868
T0197,2025-09-23 06:35:23,8,10,1024,56,0.1,0.0005,0.0005,160,3,0.2,0.35,0.0012,0.0001,0.02,False,True,80,0.85,0.15,0.6848,0.0824,0.6661,0.0893
T0198,2025-09-23 06:35:40,10,12,1024,48,0.3,0.0005,0.0005,192,2,0.1,0.45,0.0008,0.001,0.0,True,True,80,0.85,0.1,0.7022,0.0894,0.6892,0.0929
T0199,2025-09-23 06:35:54,10,10,256,64,0.2,0.0005,0.0001,128,3,0.1,0.4,0.001,0.001,0.02,False,True,80,0.8,0.1,0.64,0.0779,0.6145,0.084
T0200,2025-09-23 06:36:08,12,15,1024,56,0.2,0.0005,0.0005,192,3,0.2,0.3,0.0012,0.0007,0.01,True,True,80,0.85,0.15,0.6674,0.0718,0.6522,0.0829
T0201,2025-09-23 06:36:25,10,18,1024,40,0.3,0.0005,0.0005,192,2,0.2,0.3,0.001,0.0003,0.02,True,True,80,0.75,0.1,0.6743,0.0523,0.6484,0.0541
T0202,2025-09-23 06:36:41,10,10,512,40,0.2,0.0005,0.0001,192,2,0.2,0.35,0.0012,0.001,0.01,True,True,80,0.75,0.1,0.6703,0.0665,0.6512,0.0699
T0203,2025-09-23 06:36:56,8,15,512,48,0.1,0.0005,0.001,128,4,0.2,0.3,0.0008,0.0001,0.02,True,True,80,0.75,0.15,0.6757,0.0628,0.6535,0.0685
T0204,2025-09-23 06:37:14,6,12,512,48,0.3,0.001,0.001,160,3,0.2,0.4,0.001,0.0007,0.02,False,True,80,0.75,0.15,0.7014,0.0848,0.6709,0.0987
T0205,2025-09-23 06:37:30,6,15,256,56,0.3,0.0005,0.001,128,2,0.05,0.3,0.0008,0.0005,0.0,True,True,80,0.8,0.15,0.6983,0.0562,0.675,0.0632
T0206,2025-09-23 06:37:43,12,18,256,40,0.1,0.001,0.0001,160,2,0.05,0.35,0.0012,0.001,0.02,False,True,80,0.75,0.1,0.6378,0.067,0.587,0.0785
T0207,2025-09-23 06:37:56,12,10,1024,40,0.2,0.001,0.0001,160,2,0.1,0.4,0.001,0.001,0.0,True,True,80,0.75,0.1,0.673,0.0806,0.6549,0.0855
T0208,2025-09-23 06:38:10,12,15,1024,64,0.3,0.001,0.0005,192,4,0.2,0.45,0.0012,0.001,0.0,True,True,80,0.75,0.15,0.6878,0.0659,0.6654,0.0722
T0209,2025-09-23 06:38:26,10,10,256,56,0.3,0.001,0.0001,96,4,0.05,0.4,0.0008,0.0003,0.02,False,True,80,0.85,0.1,0.6457,0.0873,0.6151,0.0926
T0210,2025-09-23 06:38:43,6,12,512,56,0.2,0.0005,0.0001,192,3,0.2,0.3,0.001,0.0007,0.02,True,True,80,0.8,0.15,0.6433,0.0716,0.6312,0.0729
T0211,2025-09-23 06:38:58,6,18,512,48,0.3,0.001,0.001,96,3,0.05,0.4,0.0012,0.0007,0.0,True,True,80,0.75,0.1,0.6865,0.0696,0.6669,0.0803
T0212,2025-09-23 06:39:13,10,15,256,40,0.3,0.001,0.0001,128,4,0.1,0.4,0.0012,0.001,0.02,False,True,80,0.8,0.15,0.66,0.0712,0.6284,0.0744
T0213,2025-09-23 06:39:28,10,12,256,48,0.2,0.0005,0.0005,192,3,0.2,0.3,0.0012,0.001,0.02,True,True,80,0.8,0.15,0.6667,0.0723,0.65,0.0706
T0214,2025-09-23 06:39:43,8,10,1024,56,0.1,0.001,0.001,128,4,0.05,0.45,0.0008,0.0003,0.01,True,True,80,0.8,0.15,0.6533,0.0777,0.638,0.0769
T0215,2025-09-23 06:40:01,10,18,512,56,0.1,0.001,0.0001,160,2,0.1,0.45,0.001,0.001,0.02,False,True,80,0.85,0.15,0.637,0.0705,0.6134,0.0851
T0216,2025-09-23 06:40:15,12,15,1024,40,0.1,0.0005,0.0005,96,3,0.2,0.45,0.001,0.001,0.0,False,True,80,0.8,0.15,0.6383,0.0838,0.6054,0.0831
T0217,2025-09-23 06:40:31,8,18,512,56,0.2,0.001,0.001,160,3,0.05,0.35,0.0008,0.0003,0.02,False,True,80,0.75,0.15,0.6838,0.0721,0.6563,0.0821
T0218,2025-09-23 06:40:45,6,10,512,40,0.2,0.001,0.001,96,3,0.2,0.35,0.0012,0.0007,0.02,True,True,80,0.75,0.1,0.6878,0.0637,0.6723,0.0636
T0219,2025-09-23 06:41:01,8,10,1024,40,0.3,0.001,0.0001,128,2,0.1,0.4,0.0008,0.0003,0.0,False,True,80,0.8,0.1,0.64,0.0523,0.6041,0.0682
T0220,2025-09-23 06:41:16,8,10,512,40,0.3,0.0005,0.0005,192,4,0.05,0.45,0.001,0.0005,0.0,False,True,80,0.75,0.15,0.6797,0.0775,0.6488,0.0824
T0221,2025-09-23 06:41:32,6,12,1024,64,0.3,0.0005,0.001,96,4,0.05,0.35,0.0008,0.0007,0.02,True,True,80,0.8,0.15,0.6583,0.0595,0.6361,0.0639
T0222,2025-09-23 06:41:52,8,12,512,40,0.1,0.0005,0.0005,96,4,0.05,0.45,0.001,0.0005,0.0,True,True,80,0.85,0.1,0.687,0.0773,0.6754,0.0805
T0223,2025-09-23 06:42:08,6,10,1024,40,0.1,0.001,0.001,192,4,0.1,0.35,0.0008,0.0001,0.02,False,True,80,0.85,0.15,0.7022,0.0883,0.6804,0.0933
T0224,2025-09-23 06:42:26,8,10,1024,64,0.2,0.0005,0.001,128,3,0.1,0.35,0.001,0.0005,0.01,True,True,80,0.85,0.1,0.6652,0.0767,0.6524,0.0767
T0225,2025-09-23 06:42:44,12,15,256,48,0.2,0.001,0.001,192,2,0.1,0.45,0.0012,0.0005,0.01,True,True,80,0.75,0.15,0.7122,0.0742,0.6842,0.0882
T0226,2025-09-23 06:42:57,8,18,512,56,0.3,0.0005,0.0001,160,3,0.2,0.35,0.0012,0.0003,0.01,False,True,80,0.75,0.1,0.6662,0.0569,0.634,0.0725
T0227,2025-09-23 06:43:13,12,18,1024,40,0.1,0.0005,0.0005,160,4,0.05,0.3,0.001,0.0003,0.0,False,True,80,0.8,0.15,0.6833,0.0415,0.6401,0.0484
T0228,2025-09-23 06:43:30,10,10,1024,64,0.1,0.0005,0.001,96,2,0.05,0.35,0.0008,0.0001,0.0,False,True,80,0.75,0.15,0.6797,0.0812,0.6441,0.0961
T0229,2025-09-23 06:43:46,12,15,256,48,0.3,0.001,0.0001,160,4,0.2,0.45,0.001,0.0005,0.0,True,True,80,0.8,0.15,0.6417,0.0816,0.6259,0.0846
T0230,2025-09-23 06:44:00,8,10,1024,64,0.1,0.0005,0.001,128,3,0.05,0.4,0.001,0.0005,0.01,False,True,80,0.8,0.15,0.655,0.0852,0.6256,0.0896
T0231,2025-09-23 06:44:15,10,18,256,64,0.1,0.0005,0.001,192,2,0.1,0.35,0.0008,0.0005,0.02,True,True,80,0.85,0.1,0.7022,0.0817,0.6899,0.0849
T0232,2025-09-23 06:44:29,8,15,1024,64,0.3,0.0005,0.0001,192,3,0.05,0.3,0.0012,0.0005,0.01,True,True,80,0.85,0.15,0.6739,0.0796,0.6506,0.0754
T0233,2025-09-23 06:44:47,6,10,512,48,0.2,0.0005,0.0001,128,3,0.1,0.45,0.001,0.0005,0.01,False,True,80,0.85,0.1,0.6739,0.0734,0.6424,0.0849
T0234,2025-09-23 06:45:02,6,15,512,56,0.1,0.001,0.001,128,2,0.2,0.45,0.001,0.0007,0.0,True,True,80,0.85,0.1,0.6891,0.0718,0.6791,0.0723
T0235,2025-09-23 06:45:16,6,10,512,64,0.1,0.001,0.0001,96,3,0.1,0.35,0.0008,0.001,0.01,False,True,80,0.75,0.1,0.6527,0.0569,0.6113,0.0674
T0236,2025-09-23 06:45:34,12,15,256,56,0.2,0.001,0.0005,96,4,0.1,0.45,0.0008,0.0001,0.01,True,True,80,0.8,0.15,0.6667,0.0882,0.6496,0.0891
T0237,2025-09-23 06:45:51,8,15,1024,56,0.1,0.001,0.001,128,4,0.1,0.45,0.001,0.001,0.02,True,True,80,0.75,0.1,0.6635,0.067,0.6414,0.0741
T0238,2025-09-23 06:46:11,6,15,512,40,0.3,0.0005,0.001,96,3,0.2,0.35,0.0012,0.0005,0.02,False,True,80,0.8,0.15,0.6867,0.0812,0.6635,0.0843
T0239,2025-09-23 06:46:26,12,15,1024,64,0.1,0.001,0.0001,96,3,0.2,0.45,0.001,0.0007,0.01,True,True,80,0.8,0.15,0.635,0.0872,0.6106,0.0924
T0240,2025-09-23 06:46:43,8,10,1024,56,0.1,0.0005,0.0001,96,2,0.05,0.35,0.001,0.0005,0.01,False,True,80,0.8,0.1,0.64,0.0904,0.6056,0.0911

