TCGA-02-0047-01	2.6662738	2.1661768	0.0	0.0	0.0	1.0386033	0.0	0.34118724	0.3728249	0.0	0.15180327	1.0521568	0.0	0.0	0.2471169	0.0	0.0	0.0	0.0	0.0	1.235399	0.12448329	0.20827584	1.2012051	0.24220514	0.0	1.048811	0.0	0.0	1.1792825	0.8818431	0.0	0.0061925845	0.9146332	0.7420229	0.0	0.20660754	1.1933659	1.9272586	0.42955452	0.3120528	1.0208657	0.096156575	0.23089391	0.0	0.0	0.0	0.0	0.0	0.0	0.0	0.0	0.0	0.0	0.0	0.1821832	0.0	0.0	1.3156769	0.24784067	0.7245966	0.0	0.0	0.0
TCGA-02-0055-01	0.9364007	0.73995596	0.0	0.0	0.0	0.9728495	0.0	0.0	0.0	0.0	0.81306076	0.0	0.0	0.0	1.7497413	0.0	0.0	0.0	0.18433084	0.47301185	0.0	0.0	0.2597728	0.0	0.0	0.0	0.0	0.0	0.01745651	0.0	0.0	0.0	0.24617928	0.26698545	0.0	0.0	1.5101215	0.5252826	0.9236681	2.4488015	1.4917306	0.50114775	0.0	0.69477826	0.733747	0.0	0.0	0.11619154	0.88116556	0.0	0.0	0.0	0.0	0.0	0.1569525	0.0	0.0	0.0	2.0087032	0.68350965	0.0	1.6735458	0.0	2.3666878
TCGA-02-2483-01	2.1233392	0.11125812	0.0	0.0	0.0	0.0	1.08548	0.0	0.0	0.0	0.9039875	0.3106115	0.06932944	0.23066245	0.0	0.0	0.0	0.0	0.0	0.0	0.0	0.0	0.0	0.0	0.3540357	1.3967923	0.24104065	0.37241355	0.0	0.89564276	0.0	0.0	0.0	0.089416325	1.053978	0.5532429	0.0	1.3484858	0.0	1.2963518	0.35496283	0.0	0.0	1.1863706	1.3247906	0.0	0.71942276	1.9099504	0.5000014	0.21895172	1.1281118	0.0	0.0	0.0	0.0	0.0	0.28970164	0.32740206	0.5474248	0.75788087	0.0	1.6086632	0.0	0.45443895
TCGA-02-2485-01	0.0	1.8111951	0.789761	0.5704069	0.0	0.5508506	0.43809357	0.0	0.27594972	1.3977615	0.0	0.0	0.7492357	0.0	0.47693366	0.0	0.0	0.0	0.0	0.0	0.29543793	0.62180805	0.0	0.73270166	1.409389	0.0	1.4491383	0.0	0.05164151	0.0	0.0	0.0	0.4006094	0.4276359	1.0733682	0.042280413	2.6329682	1.2533787	0.0	0.033308215	0.2470029	0.0	0.17345679	0.050370544	0.47988555	0.0	0.55741036	0.0	0.0	0.0	0.0	0.0	0.0	0.0	0.120220475	0.0	0.90030473	0.0	1.2881622	0.21610767	0.0	0.0	0.0	1.046018
TCGA-02-2486-01	0.0	0.0	0.0	0.0	0.15319103	0.0	1.0700248	0.0	1.1908934	0.0	0.69005144	0.0	0.0	1.5612308	1.6590616	0.0	0.68514353	1.0662979	1.001503	0.0	0.0	0.42129704	1.5664907	0.0	1.0309161	0.0	0.0	0.0	0.709965	0.82422704	0.0	0.45452052	1.5943788	0.7379947	0.65628654	0.0	0.0	1.2159814	0.0	1.4103165	0.9640365	0.0	0.0	1.2160845	0.0	0.5415067	0.026555857	0.0	0.0	0.0	0.0	0.0	0.0	0.72093993	0.0	0.6086077	0.013171588	0.20902343	0.0	0.0	0.49135777	0.0	0.0	0.13824639
TCGA-06-0125-01	0.0	1.8065654	0.13872097	0.4278177	0.0	0.5254858	1.4429373	0.0	0.427252	0.015209101	0.0	0.0	0.31157452	0.36047137	0.6499623	0.0	0.0	0.7394812	0.0	0.0	0.0	0.0	2.1932728	0.027414605	1.5581592	0.0	1.350147	0.015837135	0.62269396	0.0	0.0	0.2004169	1.7941016	0.0	0.83665913	0.10054287	2.2764711	0.7621319	0.0	0.0	1.3525757	0.0	0.5448928	0.24378523	0.37626368	0.0	0.97261345	0.0	0.24714406	0.0	0.0	0.0	0.0	0.0	0.0	0.5579498	0.45154	0.44003427	1.72958	0.0	0.0	0.0	0.0	0.36072224
TCGA-06-0129-01	1.4587485	0.126151	0.0	0.0	0.0	0.030286964	0.50369865	0.14989065	0.7994651	0.0	0.0	0.36007127	0.0	0.19439155	1.9435807	0.0	0.5900046	0.638575	0.36034808	0.0	0.0	0.0	0.16213329	1.04327	0.5732874	1.6011872	1.5491936	0.0	0.0	1.7181967	0.0	0.09331161	0.0	0.0	0.0	0.0	0.8346324	0.0	0.35763353	2.178417	0.0	0.2684553	0.0	1.5792829	0.0	0.0	0.46857834	1.0759972	0.13425319	0.22409809	0.24214593	0.0	0.78819174	1.0587615	0.0	1.210632	1.8482343	0.0	0.17342933	2.1197073	0.056644715	0.17685533	0.557021	0.85311466
TCGA-06-0130-01	0.0	0.6276819	0.0	0.1267492	1.1191406	0.0	0.7500062	0.0	0.0	0.17998186	0.0	0.0	0.0	0.0	1.2265892	0.0	0.31089744	0.12453926	0.0	0.0	0.0	0.0	1.189113	0.0	1.5080234	0.0	0.0	0.0	0.0	0.0	0.0	0.68040615	2.232784	0.26849326	0.14631501	0.0	0.0	0.3901368	0.0	0.8658218	0.37302428	0.0	0.0	2.5111575	0.0	0.0	0.13805422	0.21848696	0.0	0.24208161	0.0	0.0	0.0	0.2702916	0.0	0.0	0.0	0.06473257	0.0	0.0	0.0	0.0	1.0481831	0.92904276
TCGA-06-0132-01	0.2454728	0.0	0.0	0.0	0.0	1.1712997	0.4602434	0.0	0.18401515	2.212182	0.0	0.0	0.0	0.413689	0.0	0.0	0.0	0.005439437	0.0	0.0	0.0	0.0	1.3695748	0.065032855	0.43600854	0.0	0.0	0.0	0.0	0.2591478	0.0	0.09003569	0.23236379	0.65677726	0.6514047	0.0	0.0	1.3896372	0.0	1.3892128	2.3909938	0.0	0.0	1.4420993	0.0	0.56990284	0.0	0.2105686	0.0	0.0	0.0	0.0	0.0	0.0	0.0	0.0	1.3673543	0.0	0.3076481	0.0	0.0	0.57080704	0.0	1.4650679
TCGA-06-0141-01	0.0	1.0608189	0.0	0.0	0.0	0.120018594	1.1799076	0.0	0.5819362	0.756958	0.0	0.20052965	0.0	0.15777212	2.070244	1.1849418	0.0	0.11577023	0.0	0.0	0.0	0.0	1.8330983	0.0	1.5966697	0.0	0.0	0.0	0.17829192	0.0	0.0	1.0515076	2.3066382	0.12390207	0.5752743	0.0	0.36735994	0.3584143	0.0	1.7098769	1.2455778	0.0	0.14610481	0.57965595	1.5502664	0.0	0.26952443	0.9194862	0.42406902	0.006276316	0.0021293326	0.25272793	0.0	0.0	0.0	0.22601207	1.637818	0.0	0.0	0.0	0.0	0.32959867	0.072376035	1.07387
TCGA-06-0157-01	0.0	1.8169036	0.16782723	0.59839046	0.44136763	0.7805761	0.82965714	0.0	0.0	0.9734718	0.0	0.0	0.0	0.0	1.4552552	0.0	0.0	0.4510992	0.0	0.0	0.0	0.0	2.1666143	0.0	2.6872723	0.17700739	1.4161522	0.0	0.0093147475	0.0	0.0	0.0	0.6090353	0.0	0.39325076	0.0	2.34434	0.8634258	0.0	1.1789919	0.0	0.0	0.38163242	1.1501445	0.16005087	0.0	0.2083977	0.0	0.0	0.0	0.0	0.0	0.0	0.0	0.0	0.93335676	1.4500732	0.51877	1.6088189	0.0	0.0	0.33566695	0.49657568	1.0562915
TCGA-06-0158-01	1.2892829	2.9062467	0.0	1.8821151	0.0	1.4059846	0.0	0.14848848	0.8881936	0.7719474	0.0	0.0	0.0	0.7979146	1.7397045	0.0	0.07389097	0.2404267	0.0	0.0	0.7892892	0.0	0.76356876	0.25688425	0.86439115	0.8811422	1.438321	0.0	0.15498817	0.0	0.0	0.0	0.0	0.0	0.38360685	0.0	0.691664	0.0	0.0	1.3321834	0.0	0.9113905	0.0	1.4225228	0.0	0.16413242	0.0	0.0	0.57926136	0.0	0.0	0.0	0.67903465	0.0	0.43021315	1.4744986	1.3575937	0.0	1.8821176	0.70254755	0.0	0.0	0.82716525	0.25233302
TCGA-06-0168-01	1.5857412	0.9563473	0.0	0.0	0.99815184	0.50950414	0.14826329	0.8271797	0.0	1.6413941	0.0	0.0	0.0	0.0	0.5583432	0.0	0.0	0.0	0.0	0.36773205	0.35942748	0.0	0.0	0.21004653	1.510536	0.0	1.6958867	0.0	0.49685836	0.0	0.0	0.0	0.40401226	0.83873373	0.0	0.0	2.706795	0.8211492	0.0	1.9320611	0.8522175	0.0	0.08520899	0.7843291	0.8519201	0.0	0.0	0.0	0.8287069	0.0	0.0	0.0	0.31923133	0.0	0.73553646	0.0	0.700019	0.0	0.658577	0.39170325	0.0	0.0	0.5675722	1.194732
TCGA-06-0174-01	0.0	0.35196906	0.0	0.0	0.0	0.3208034	0.0	0.3076069	2.0078497	0.05097633	1.0311539	0.9830897	0.0	0.42089084	0.46562788	0.0	0.072639175	0.0	0.0	0.0	0.12634575	0.0	1.291828	0.0	0.40184706	0.21152698	1.3984557	0.18542519	0.0	0.56563956	0.011213247	0.0	1.4550487	1.797225	0.7051133	1.887162	2.3745906	0.0	0.0	0.35402876	1.6267637	0.0	0.3789987	0.010620469	1.638175	0.0	0.630828	0.53027815	1.3744475	0.0	1.3722562	0.0	0.0	0.0	0.0	0.73341626	0.80351853	0.0	0.16001205	0.0	1.838867	0.60783625	0.0	0.0
TCGA-06-0184-01	1.162473	0.26630202	0.0	0.0	0.18783444	1.2856065	0.0	1.5560508	0.0	0.0	0.0	0.0	0.0	0.43443063	0.60213494	0.0	0.0	0.0	0.0	0.0	0.0	0.0	0.5790049	0.0	2.0672233	0.19173114	0.68946594	0.0	0.0	0.99480337	0.33484516	0.0	1.454766	0.14642732	0.0	0.9367657	0.7870863	1.6987234	0.55326366	0.7234084	1.2147757	0.9011471	0.0	1.7537785	0.0	0.0	0.0	0.7083034	0.0	0.0	0.0	0.0	0.0	0.92421955	1.123923	1.2089232	0.80701894	0.0	1.6767159	1.2130294	0.0	0.0	0.0	0.51363134
TCGA-06-0187-01	0.0	1.5429535	0.0	0.059927534	0.5054973	0.46192935	0.0	0.47756234	0.0	0.05471219	0.0	0.0	0.024376074	0.0	0.0	0.0	0.0	0.0	0.0	0.0	0.0	0.0	0.0	0.0	2.1697056	0.7768601	0.7479034	0.0	0.27416962	0.0	0.7882263	0.0	0.3985299	0.28146785	0.0	1.6083256	0.6366787	0.11368582	0.8927185	1.3653783	0.0	0.0	0.0	0.65567064	0.97268414	0.0	0.0	0.0	0.0	0.8263414	0.0	0.0	1.4924433	0.0	0.0	0.0	0.28824234	0.0	1.8204391	0.40423128	0.0	1.0323491	0.0	2.0648825
TCGA-06-0190-01	0.0	0.9332894	0.0	0.0	0.0	0.0	0.0	0.40348566	2.108803	0.0	0.0	0.0	0.0	1.6800009	1.2731801	0.0	0.0	1.2364852	0.0	0.0	0.0	0.0	0.7813896	0.0	1.5499737	0.0	1.1795312	0.0	0.3400181	0.0	0.0	0.31263983	1.8873194	0.8614954	0.19281451	0.50927514	0.66598004	0.05115073	0.74056005	1.841076	0.9738129	0.0	0.10904484	0.3981469	0.0	0.0	0.0	0.0	0.0	0.0	0.0	0.0	0.0	0.0	0.0	0.0	0.0	0.0	1.1273887	0.03455947	0.0	0.0	0.0	2.2126138
TCGA-06-0210-01	0.0	1.2312632	0.0	0.0	1.3357416	0.0	0.0	0.1795437	0.6536105	0.0	0.0	0.0	0.0	0.66401905	0.9382569	0.7107446	0.0	0.78338784	0.0	0.0	0.0	0.0	1.1026976	0.6254436	2.2711	0.0	0.20307373	0.0	0.8283221	0.0	0.0	0.60016155	1.4766663	0.04994275	0.0	0.0	1.5065042	0.9516515	0.0	1.6021713	1.686773	0.0	0.6681621	1.7536341	0.3105774	0.0	0.967495	0.66026735	0.82965654	0.0	0.0	0.0	0.0	0.9103981	0.0	0.0	0.22242069	0.0	0.05577173	0.1804092	0.0	0.32862484	0.0	1.3279825
TCGA-06-0211-01	0.0	1.422826	0.80716854	0.59878623	0.5880492	0.05745485	0.7159987	0.0	0.08839782	0.8050014	0.0	0.0	0.21257527	0.0	0.39842644	0.0	0.0	1.3556232	0.0	0.0	0.0	0.0	0.68543684	0.0	2.1701531	0.0	1.9138258	0.0	0.0	0.0	0.0	0.0	0.9158946	0.2952088	0.55394775	0.0	1.8813075	0.0	0.0	0.80305976	0.0	0.0	0.0	1.1094073	0.39798647	0.0	0.67217994	0.5683672	0.0	0.0	0.0	0.0	0.53162694	0.0	0.0	0.7484847	1.3047775	0.0	1.2549956	0.0	0.0	0.0	0.17506202	0.13122328
TCGA-06-0219-01	0.24014285	1.3674326	0.0	0.0	0.12226871	0.82216865	2.348123	0.4111009	0.74445313	2.4134624	0.0	0.0	0.0	0.35589442	0.6902474	0.0	0.0348662	0.0	0.0	0.0	0.0	0.0	1.7820293	0.8483939	0.54534316	0.0	1.2413427	0.0	0.44394377	0.31836882	1.3380597	0.0	0.5512475	0.0	0.11973198	0.3282261	1.1007904	2.184745	0.0	1.1275288	0.8536022	0.0	1.563437	1.4093945	0.0	0.68816525	0.0	0.0	0.59398407	0.0	0.0	0.0	0.0	0.074844934	0.0	0.3568213	0.4854081	0.0	0.0	0.0	0.0	0.0	0.0	0.0
TCGA-06-0238-01	0.0	1.5689238	0.0	0.0	0.3107465	0.0	0.0	0.88183594	1.817237	0.0	0.0	0.5806753	0.0	1.1609579	0.5380769	0.0	0.16446352	0.7059368	0.0	0.0	0.8319979	0.0	0.90578806	1.3759594	0.44407073	1.2745616	0.07744149	0.20955989	0.23798078	0.0	0.0	0.0	1.1350011	0.9935365	0.0	1.2255945	2.3258646	1.4299842	0.0	1.0948163	1.0670865	0.0	0.0	0.3967074	0.3307188	0.0	0.19882399	0.0	0.0	0.7323447	0.0	0.0	0.0	0.0	0.0	0.26346424	2.1397178	0.0	0.0	0.21209939	0.42666745	0.03008459	0.0	0.10576922
TCGA-06-0644-01	0.0	0.51516473	0.0	0.0	0.0	0.26825184	1.0252168	0.0	1.1151127	0.0	0.2521894	0.0	0.4863827	1.1674738	1.8210121	0.0	0.6392306	0.8758039	0.0	0.0	0.0	0.0	0.7409798	0.0	0.50325143	0.0	0.16617039	0.07213934	0.0	0.0	0.0	1.6105134	1.5770117	0.0	0.0	0.20152868	1.784044	1.1008793	0.0	0.9320853	0.93951976	0.0	0.0	1.818868	0.0	0.0	0.0	0.87146866	0.39369172	0.0	0.0036928514	0.0	0.0	0.0	0.0	0.6357707	1.8851753	0.0	0.03836734	0.2950436	0.0	0.0	0.3508841	0.90591305
TCGA-06-0645-01	0.0	1.3907698	0.0	0.0	1.4177518	0.060363036	0.6053945	0.0	1.0466702	0.21052249	0.0	0.0	0.0	0.0	1.4852662	0.20493543	0.8419142	0.45501295	0.0	0.0	0.0	0.0	1.6251646	0.0	2.1384885	0.0	0.0	0.0	0.0	0.9445097	0.0	0.0	2.1254997	0.81457156	0.0	0.0	2.1347864	0.01874752	0.0	0.73809934	1.1332206	0.0	0.94166416	0.9587222	0.0	0.0	0.91205883	0.0	0.7200682	0.008118103	0.0	0.0	0.0	0.0	0.0	0.44882062	0.65688086	0.71487194	1.0142992	0.0	0.0	0.0	0.5505815	1.3281878
TCGA-06-0646-01	0.08748815	1.323649	0.0	0.0	0.6841047	0.0	1.2750547	0.0	1.2194433	0.3546977	0.0	0.7150233	0.0	0.68103933	1.0428087	0.0	0.5787741	0.21268958	0.0	0.0	0.0	0.13217798	1.6028941	0.36629733	0.0	1.3944615	0.0	0.96811193	0.0	0.62944025	0.03760742	0.0	1.5175861	0.70798814	0.47834042	0.3530239	2.2735639	0.8074067	0.0	0.4350691	0.0	0.7654798	0.16860707	0.6152636	0.48281413	1.1199582	0.3566077	0.0	0.7713282	0.74350816	0.7692852	0.0	0.0	0.0	0.0	1.8675722	1.72864	0.0	0.0	0.0	0.0	0.9456766	0.0	0.16596507
TCGA-06-0649-01	0.0	0.5642972	1.1849668	0.0	0.68865395	0.046889443	0.19013043	0.0	0.53498685	0.6851417	0.0	0.0	0.0	0.0	0.0	0.0	0.0	0.0	0.0	0.013123252	0.30375043	0.0	0.0	0.7388354	2.6486397	0.81153053	0.68560493	0.0	0.0	0.50466514	0.0	1.1304114	0.009574155	0.53759044	0.0	0.0	0.44015408	0.35702375	0.0	1.3906617	0.0	0.0	0.0	1.2228694	0.0	0.0	0.0	0.0	0.0	0.8440248	0.0	0.0	0.0	0.0	0.0	0.016198754	2.4255252	0.644924	0.0	0.0	0.0	0.675566	0.0	1.6960692
TCGA-06-0686-01	1.2809322	0.78828293	0.15788232	0.0	0.0	0.0	0.77623194	0.055640094	0.0	0.0	0.9735116	0.36444965	0.56692654	0.0	2.8425741	0.0	0.0	1.6910036	0.0	0.1684574	0.4332756	0.0	0.0	0.0	1.2160293	0.0801485	0.7062233	0.0	0.44212767	0.25000826	0.0077280216	0.7959021	1.5648956	0.93371546	0.0	1.0402324	1.0221868	0.49293885	0.54464835	2.2443755	0.0	0.0	0.9761993	0.2016649	0.0	0.0	0.0	0.0	0.0	0.0	0.0	0.0	0.0	0.0	0.19854484	0.0	0.46979168	0.0	0.046628315	1.3935909	1.4389236	0.028156929	0.0	0.62877816
TCGA-06-0743-01	0.42490503	1.4981657	0.0	0.5760955	0.0	0.29143676	0.0	0.06884216	0.0	0.21973968	0.0	0.06936902	0.0	0.273445	0.18623234	0.09409557	0.0	0.0	0.0	0.0	0.55049294	0.0	0.0	0.0	2.01263	0.0845051	0.0	0.0	0.0	0.0	0.0	0.0	1.2737693	0.0	0.0	0.1322148	1.9531543	1.017275	0.0	1.8330456	0.0	0.0	0.0	1.5111961	0.16589807	0.0	1.578876	0.0	0.6069059	0.0	0.0	0.0	0.33510593	0.0	0.6790023	0.6019359	2.2306921	0.0	0.9261677	0.0	0.376841	1.8574237	0.96990985	0.93045956
TCGA-06-0744-01	1.0983901	0.57820284	0.0	0.0	0.68498296	0.34698856	2.015294	1.4148507	1.3546094	0.0	0.0	0.0	0.0	0.798303	1.5412309	0.0	0.0	0.0	0.0	0.0	0.16956371	0.0	0.17781927	1.3746451	0.7200916	1.0570114	0.80032194	0.053056464	0.0	0.0	0.0	0.0	0.0	0.9807223	0.0	0.0	0.43628109	0.5674174	0.0	0.82033056	0.29738244	0.5641508	0.0	1.1446047	0.0	0.4658718	0.6840426	0.0	1.2324522	0.0012395572	0.1528499	0.0	0.24062401	1.4357529	1.1474644	0.896007	0.7279297	0.0	0.0	0.2256429	1.6956558	0.0	0.0	0.18605322
TCGA-06-0745-01	0.2496775	1.4269072	0.0	0.0	0.0	0.3309178	0.0	0.0	1.1578814	0.0	0.0	0.0	0.0	0.031667028	1.3602899	0.7604499	0.0	0.0	0.0	0.0	0.0009838827	0.0	0.0	0.27343363	1.1941236	0.0	0.0	0.0	0.04406648	0.0	0.0	0.0	1.4278983	0.0	0.0	0.0	0.7846434	0.12824255	0.97953475	0.69342977	0.6417935	0.0	0.039757483	1.1625723	0.0	0.0	0.48876926	0.0	0.0	0.0	0.15059073	0.0	0.0	0.0	0.0	0.0	0.53719974	0.0	1.7276734	1.2797128	0.0	0.00804397	0.0	2.8671038
TCGA-06-0747-01	0.7203317	2.1953366	0.0	0.65863657	0.0	0.5591538	0.073023304	0.0	0.04908955	2.8444433	0.0	0.0	0.18686149	0.0	0.0	0.0	0.0	0.37717122	0.0	0.27472478	0.0	0.0	0.45013705	0.0	0.0	0.54482454	1.8424438	0.0	0.0	0.086779684	0.41433093	0.0	0.0	0.0	0.0	0.0	0.89706856	0.049734134	0.0	2.2755609	0.8650032	0.0	0.0	0.4127858	0.0	0.0329327	0.0	0.18668854	0.11192652	0.0	0.0	0.0	0.0	0.0	0.084604494	0.18974201	0.68296194	0.0	1.7336044	0.46926615	0.0	0.0	0.6863239	0.8723136
TCGA-06-0749-01	0.07605554	0.9678974	0.0	0.0	0.05963821	0.19127192	0.15025055	0.30492777	0.5826177	1.3843362	0.0	0.18432009	0.0	0.29414606	0.4801769	0.0	0.0	0.21096414	0.0	0.0	0.0	0.10402113	1.5849144	0.26647222	0.0	0.0	0.8643836	0.0	0.0	1.6727395	0.0	0.8807575	1.1544439	0.0	1.6949761	0.30694827	2.1149755	2.2450285	0.0	0.51114196	1.230682	0.0	0.38074765	1.1394538	0.15969092	0.0	0.0	0.27593896	0.0	0.0	0.0	0.0	0.0	0.0	0.0	0.0	1.8320768	0.10349801	0.95992726	0.0	0.0	0.0	0.06968723	0.7351627
TCGA-06-0750-01	0.0	0.6121025	0.0	0.0	0.5155694	0.0	0.67859745	0.0	0.5992288	0.22816493	0.0	0.0	0.0	1.0366234	1.7436846	0.0	0.30038747	1.1832439	0.0	0.0	0.0	0.0	1.3162706	0.2660581	1.3494139	0.0	0.0	0.0	0.0	0.17500259	0.0	1.9856033	2.409891	0.0	0.16774626	0.0	0.66490614	0.82372135	0.0	0.95647323	2.228369	0.14790767	1.296829	0.88220555	0.0	0.0	1.181863	0.0	1.2407191	0.0	0.0	0.36331618	0.0	0.0	0.0	0.41558903	0.575447	0.0	0.07646274	0.0	0.0	0.0	0.0	1.7196118
TCGA-06-0878-01	0.0	0.8629571	0.0	0.0	0.14416851	0.0	0.0	0.0	1.4084045	0.0	0.0	0.025857415	0.0	0.04676181	1.0701952	0.36119613	0.678997	0.05567991	0.0	0.0	0.0	0.0	1.7392263	0.0	0.8987297	0.0	0.0	0.0	0.39644772	1.0641017	0.0	1.7383043	2.4513528	0.3132158	0.0	0.0	1.2340393	0.2682561	0.0	2.2651157	0.42757946	0.0	0.5991311	0.7719316	0.0	0.27921143	0.6200745	0.0	0.19248399	0.0	0.0	0.0	0.0	0.0	0.0	0.9988924	0.33658645	1.1629692	0.0	0.0	0.0	0.0	0.0	2.3314974
TCGA-06-0882-01	0.045902066	0.5769228	0.0	0.0	0.0	0.8896311	0.0	1.6267011	1.3446634	0.523318	0.0	0.0	0.0	0.035470627	1.0647721	0.0	0.0	0.10015305	0.0	0.21247135	0.0	0.0	2.0196931	1.4125434	0.7964739	0.6777835	1.1183462	0.0	0.35755676	0.5394257	0.0	0.96185553	0.0	0.0	0.0	0.0	1.5881807	0.8621672	0.0	2.792209	2.0066533	0.0	0.05260073	1.1579294	0.0	0.06035168	0.0	0.4438466	0.0	0.0	0.0	0.0	0.01552973	0.0	0.0	0.5357807	0.78095555	0.0	0.0	0.0	0.0	0.4155963	0.0	1.3381132
TCGA-06-1804-01	0.0	1.5362906	0.0	0.0	0.0	0.0	0.671262	0.0	0.64033234	0.23981462	0.0	0.0	0.0	0.124957494	1.3583932	0.0	0.0	0.1030401	0.0	0.0	0.0	0.0	1.2030749	0.0	1.7484137	0.0	0.3011515	0.0	0.0	0.0	0.0	0.59763116	2.370581	0.04279247	0.0	0.0	2.1899328	0.99020535	0.0	0.9394635	2.1117542	0.0	0.0	1.2446095	1.9443703	0.0	0.3985774	0.0	0.794033	0.0	0.6410161	0.0	0.0	0.0	0.0	0.5807975	0.69223684	0.337129	0.8249871	0.0	0.0	0.0	0.05213211	0.53008753
TCGA-06-2557-01	0.087587975	1.9984655	0.0	0.0	0.0	0.0	0.124237746	0.0	0.6924819	0.42658675	0.20137775	0.0	0.0	0.16113463	0.08115258	0.0	0.0	1.2103965	0.0	0.0	0.0	0.0	1.6765262	0.0	1.0812805	0.08818715	0.65135735	0.0	0.26526642	1.0418215	0.0	1.1467481	0.5808192	0.0	0.0	0.0	0.530735	0.7629893	0.0	1.7242124	1.5538073	0.0	0.8969337	1.6534842	0.3244848	0.0	0.0	0.0	0.3619296	0.0	0.0	0.0	0.0	0.0	0.0	0.4964558	0.36550793	0.0	1.3200283	1.0782996	0.0	0.0	0.0	2.7418046
TCGA-06-2558-01	1.5223013	1.0226341	0.0	0.0	0.0	0.29858902	1.1261895	0.0	2.320639	0.0	0.0	0.79020035	0.0	0.0	0.63130945	0.1116038	0.0	0.0	0.0	0.0	0.0	0.03773261	0.0	0.7442823	1.3865852	0.5246957	0.0	0.0	0.6418992	2.513713	0.0	0.0	0.026973275	0.0	0.60251576	0.0	1.9202496	0.0	0.49837583	1.1511348	0.0	0.82768863	0.0	0.0	0.0	0.0	0.3519734	0.8749773	0.98126817	0.16741446	0.0	0.0	0.0	0.0	0.0	0.9534577	0.5044589	0.0	0.8186641	0.383676	1.5828494	0.6014347	0.0	0.0
TCGA-06-2559-01	1.9775866	0.4423147	0.0	0.0	0.1389118	0.0	0.0	0.7113717	1.5168854	1.7893956	0.0	0.58008987	0.0	0.041233458	0.0	0.0	0.7740995	0.0	0.0	0.0	0.02488346	0.31532234	0.26566407	1.0121	1.0044074	0.0	2.207365	0.38543087	0.0	0.97649634	0.8935617	0.0	1.1521533	1.6250836	1.1006784	0.0	0.06421222	1.0541661	0.24554479	0.68247133	0.0	0.33666334	0.3576169	0.8884746	0.0	0.0	1.2339823	0.0	0.16989419	0.0	0.0	0.0	0.38783664	1.2936523	0.038389005	1.242989	0.21275765	0.25710523	0.99101865	0.0	1.2735595	0.0	0.0	0.5371107
TCGA-06-2561-01	0.0	0.0	0.0	0.32793674	0.0	0.8351885	0.0	0.0	2.6504178	0.0	0.0	1.290739	0.0	0.0	0.67893946	0.0043509034	0.0	0.0	0.0	0.04517677	0.0	0.0	0.17408775	0.0	0.6288348	0.85858893	0.0	0.0	0.0	2.9862638	0.0	0.026906746	0.7077663	0.7197762	0.52134377	1.2342728	1.430787	1.0468558	0.0	1.281948	0.0	0.0	0.0	0.8175404	0.0	0.0	0.12055982	0.14855058	0.44231012	0.0	0.48673922	0.0	0.0	0.15601723	0.0	0.9369116	0.0	0.0	0.14795388	0.52654594	0.50518036	0.0	0.0	1.553524
TCGA-06-2562-01	0.0	2.4255052	0.0	0.61050946	0.0	0.0	1.243293	0.0	0.5506859	0.0	0.0	0.0	0.0	0.8434847	1.9941702	0.0	0.0	0.7735911	0.0	0.0	0.0	0.0	0.65456736	0.0	1.4075223	0.0	1.2097075	0.0	0.41764045	0.008119154	0.34998587	0.4927222	0.7866951	0.0	0.0	0.14617266	0.0	0.0	0.0	1.2416216	1.8390045	0.12854078	0.0	1.029896	0.0	0.0	0.0	0.16886728	0.0	0.0	0.0	0.0	0.0070860544	0.0	0.0	2.0902123	1.4044596	0.14368378	1.7281585	0.0	0.0	0.24898332	0.0	0.013916387
TCGA-06-2563-01	0.33590204	2.7483902	0.0	1.0268332	0.0	0.0	1.6629642	0.0	0.0	0.0	0.0	0.0	0.0	0.0	2.3375287	0.0	0.0	0.5281597	0.0	0.0	0.768239	0.0	0.7795898	0.76795167	2.8174286	1.1032087	0.59071255	0.0	0.84410495	0.0	0.0	0.14539942	0.601809	0.0	0.0	0.0	1.6967998	0.0	0.050525133	1.4977647	0.17200561	0.0	0.0	0.39941344	0.0	0.0	0.0	0.0	0.0	0.89088553	0.0	0.25501826	0.16991635	0.0	0.0	0.76608634	1.2512847	0.0	0.9638269	0.0	0.0	1.1446314	0.0	0.31648988
TCGA-06-2564-01	1.0209743	2.2611034	0.5169935	0.0	0.0	0.37180313	0.73070717	0.29120252	0.14070825	0.98358923	0.0	0.11410259	0.0	0.05718831	0.46774623	0.0	0.0	0.48042896	0.0	0.0	0.41940704	0.0	0.20268035	0.6011875	1.6813066	0.2362121	1.3092421	0.60889477	0.0	0.0	0.0	0.0	0.106733285	1.0116475	0.1724231	0.25671434	2.261052	1.0344504	0.0	0.19723812	0.3641497	0.0	1.0582454	2.3287745	0.0	0.0	0.66675556	0.0	0.5408623	0.22558276	0.0	0.0	0.07713384	0.0	0.0	0.12152598	0.9279568	0.0	0.874524	0.0	0.0	0.0	0.041429807	0.4521424
TCGA-06-2565-01	0.82736933	1.14017	0.0	0.0	0.0	1.336144	1.375676	0.0	0.08483899	0.27084598	0.0	0.0	0.0	0.0	1.2716467	2.2544088	0.3655422	0.0	0.19027285	0.0	0.07659556	0.0	0.18475987	0.45116106	2.5733435	1.1755695	0.0	0.0	0.21240065	0.0	0.0	0.0	0.7494831	0.0	0.0	0.0	1.6014332	0.0	0.0	0.56113505	0.86019444	0.4079138	0.0	1.6086177	0.0	0.0	0.25567436	0.0	0.2728606	0.0	0.020881398	0.0	0.0	0.0	0.0	1.2919844	1.3118255	0.0	0.5807654	0.697394	0.0	0.0	0.0	0.54119295
TCGA-06-2567-01	0.0	0.6478052	0.0	0.0	0.116188176	0.28046626	2.0398052	0.0	0.0	1.8502221	0.061877433	0.0	0.0	0.008325604	0.0	0.0	0.03467901	0.0	0.0	0.0	0.0	0.0	1.1138272	0.028133608	0.60705423	0.0	0.32325646	0.0	0.0	0.70573795	1.3384498	1.1171505	0.5288405	0.0	1.4347459	0.0	0.5054457	2.2802057	0.0	0.5006688	0.65500855	0.0	0.4166139	2.169111	0.33306593	0.0	0.0	0.41028494	0.0	0.0	0.0	0.0	0.0	0.0	0.4278246	0.36676326	0.6359581	0.6978675	0.0	0.0	0.0	0.0	0.0	1.3908613
TCGA-06-2569-01	0.61340505	1.14129	0.0	0.0	0.0	0.0	0.0	0.24778195	0.37291378	0.8047086	0.68527216	0.4315944	0.0	0.0	1.010063	0.0	0.0	0.0	0.0	2.1219864	0.0	0.0	0.0	0.5379839	0.557224	0.0	1.7798278	0.0	0.17882612	0.0	0.33215532	1.1568471	0.5912529	0.9194077	0.90219337	0.11088957	2.2081158	0.35479224	0.0	2.4408882	0.0	0.0	0.0	1.4175528	0.0682904	0.0	0.8006629	0.6223878	0.0	0.0	0.0	0.0	0.43359172	0.0	0.7291909	0.0	0.6408739	0.0	0.0	0.49327478	0.0	0.0	0.2094309	0.9837917
TCGA-06-2570-01	0.9070333	0.0	0.0	0.22088861	0.0	0.35578176	0.67108846	0.0	1.3476024	0.8569836	0.31800154	0.43993157	0.073837176	0.73195785	0.32526347	0.0	0.80217826	0.0	0.0	0.0	1.1295706	1.6801674	0.0	0.7608172	0.55633473	0.0	1.2167604	0.23448144	0.0	2.1349208	0.452895	0.0	1.3313395	1.511652	0.95532054	0.0	0.0	1.5552647	1.7103016	0.35410973	1.0163001	0.74907345	0.0	0.0	0.64183646	0.0	1.0923419	0.0	0.0	0.0	0.0	0.0	0.0	0.64378524	0.0	0.8623048	0.4320963	0.0	0.2565461	0.011781769	2.0341904	0.0	0.0	0.24344558
TCGA-06-5408-01	0.0	1.1038754	0.0	0.0	0.0	0.4426221	0.7370789	0.5221578	1.0423315	0.0	0.0	0.0	0.0	0.43411985	1.3566252	0.0	0.0	0.0	0.0	0.0	0.0	0.0	0.46740308	0.17295666	1.5890437	0.0	0.80317914	0.0	0.0	0.0	0.0	0.36075345	2.1904802	0.0	0.0	0.9785371	1.416082	2.4439118	0.0	0.885219	1.3009698	0.5483709	0.0	2.4479136	0.0	0.36266226	0.40420097	0.0	0.0	0.0	0.0	0.0	0.0	0.80862087	0.8189381	0.121374376	0.7630876	0.0	1.2329644	0.0	0.0	0.0	0.2954885	1.1350222
TCGA-06-5410-01	0.0	0.38146535	0.0	0.0	0.59185064	0.0	0.66138315	0.0	0.51396066	0.0	0.0	0.0	0.0	1.5391936	1.7095946	0.073689215	0.0	0.6800209	0.0	0.0	0.0	0.0	1.0760895	0.0	2.404318	0.0	0.183809	0.0	0.0	0.0	0.0	1.4164678	1.8504618	0.0	0.0	0.0	0.67228377	0.09705354	0.0	1.6089375	1.3732904	0.0	0.0	1.4114199	0.0	0.0	0.14620759	0.3437151	0.0	0.0	0.0046570287	0.0	0.0	0.0	0.0	0.0	1.2148882	0.0	0.64853036	0.0	0.0	0.74622875	0.09263642	1.747102
TCGA-06-5411-01	0.21311386	0.0	0.0	0.0	0.0	0.43383172	0.0	0.7425908	1.4453765	0.0	0.0	0.0	0.25657037	1.2507877	0.71882164	0.33151016	0.25092492	0.63064176	0.0	0.0	0.0	0.0	0.6388521	1.4521457	1.5124949	0.0	0.0	0.0	0.96242404	1.5795071	0.6828348	0.21060203	0.08784179	0.7640692	0.0	0.0	0.0	0.5835851	0.78183174	0.8032622	2.0985968	0.82084954	0.0	0.0	0.0	0.0	0.0	0.2003279	0.0	0.7408735	0.0	0.07420358	0.0	0.7492307	0.0	0.4627606	0.0	0.0	1.4334028	0.4911509	0.0	0.0	0.0	1.9204848
TCGA-06-5412-01	0.0	1.719101	0.0	0.17035359	0.010018349	0.0	1.0901577	0.27478093	0.3794584	0.0	0.0	0.0	0.0	0.40888143	0.3631309	0.0	0.06416367	1.0332286	0.0	0.0	0.0	0.0	1.368035	0.0	1.4574465	0.0	0.0	0.0	0.0	0.13764337	0.5838353	0.22832558	1.5115203	0.0	0.0	0.0	1.2514771	1.2665219	0.0	0.75493026	0.5541862	0.0	1.3451914	1.5167274	1.0674387	0.3261482	0.0	0.24213043	0.7354683	1.1375244	0.0	0.0	0.35378015	0.6636245	0.0	0.83472836	1.6811705	0.4686395	0.47418153	0.0	0.0	0.030044032	0.0	0.85609716
TCGA-06-5413-01	0.64102787	0.0	0.32110465	0.0	0.0	0.0	1.201944	0.0	0.6795423	0.078912444	0.0	0.52608436	0.0	0.12974295	0.48778558	0.0	0.036356285	0.69236815	0.0	0.0	0.0	0.21811505	0.072694845	2.2207386	0.81104076	0.0	1.534659	0.0	0.0	0.8032821	1.0255795	0.8594611	0.5600998	0.0	1.522905	1.0052811	0.1982086	2.0084443	0.0	1.2176319	1.1271005	0.0	0.41177148	1.062847	0.0	0.0	0.0	0.0	0.0	0.0	0.0	0.0	0.0	0.0	0.0	1.2472125	2.354595	0.0	0.0	0.3220256	0.0	0.0	0.0	1.6169372
TCGA-06-5414-01	0.0	1.5950068	0.0	1.0319766	0.24973603	1.6393154	1.6134231	0.0	0.32210803	0.9612033	0.0	0.0	0.0	0.0	1.0009321	0.0	0.0	0.20078419	0.0	0.0	0.0	0.0	1.8770148	0.0	1.0107883	0.0	0.67755127	0.0	0.21168226	0.0	0.11715231	0.2398321	1.3973664	0.0	1.0087221	0.0	1.6180861	0.86540055	0.0	0.902544	1.6060215	0.0	0.0	0.586987	0.28056717	0.0	0.0	0.21237212	0.3376654	0.0	0.34657913	0.0	0.0	0.0	0.0	1.0767112	1.3888522	0.9402277	1.177926	0.0	0.0	0.0	0.26828107	0.6422553
TCGA-06-5415-01	2.7972586	2.3307738	0.0	0.0	0.0	1.3292595	0.7336531	0.63009614	0.89041287	0.050563216	0.0	0.0	0.0	0.3989618	1.5845742	0.4368393	0.0	0.0	0.5061817	0.0	0.6393148	0.0	0.6718614	0.65597755	1.1825944	1.6229662	0.6978609	0.0	0.31569606	0.0	0.0	0.0408492	0.0	0.0	0.06175932	0.0	0.0	0.0	0.7419895	2.0066404	0.8710008	0.0	0.0	1.089952	0.0	0.0	0.053482704	0.18909289	1.5217294	0.0	0.0	0.0	0.6422164	0.0	0.0	0.36898386	1.0726535	0.0	0.9689262	0.7511533	0.55761904	1.4157968	0.79605246	1.5259442
TCGA-06-5416-01	0.6321353	0.40347257	0.0	0.0737781	0.0	0.0	0.05125645	0.0	0.06412761	0.0	0.49431536	1.2930802	0.0	0.90197337	0.8283761	0.0	0.0	0.0	0.70727634	0.0	0.0	0.0	0.0	0.0	0.0	0.17491043	0.0	0.0	0.0	0.778959	0.0906757	0.0	0.0	0.0	0.0	0.38778576	0.39860833	0.06075658	0.7339411	1.3912358	0.05710331	0.0	0.0	1.1135706	0.8523508	0.0	0.6456131	0.0	1.0032741	0.0	0.62046	0.0	0.0	0.0	0.0	0.60131234	1.3564957	0.0	1.5680048	0.24973941	0.10614212	0.0	0.014309989	2.0257173
TCGA-06-5418-01	0.0	1.39755	0.0	0.27205935	0.0	0.12631339	0.7498267	0.0	0.7739314	0.31288153	0.0	0.0	0.12277533	0.578661	0.606764	0.0	0.9112346	0.16813119	0.0	0.0	0.0	0.0	1.8571439	0.0	1.8292645	0.0	0.70905095	0.0	0.6041888	0.6384234	0.0	1.216116	2.7318816	0.67331547	0.34967864	0.0	2.3328977	0.75758135	0.0	1.2689677	1.6261542	0.0	0.0	1.1618263	0.18750274	0.0	0.78644764	0.0	0.07432481	0.0	0.0	0.0	0.0	0.0	0.0	0.0	0.8685959	0.0	0.6333936	0.0	0.0	0.0	0.0	0.68246955
TCGA-06-5856-01	0.7388417	0.31874925	0.0	0.0	0.32749352	0.0	0.4135972	0.0	0.88528854	0.0	0.048327804	0.0	0.0	0.0	2.2101219	0.0	0.0	1.9420189	0.0	0.0	0.0	0.0	0.47096145	0.0	1.8566921	0.0	1.3610759	0.0	0.64962524	0.0	0.0	0.0	0.5268712	1.2231715	0.0	0.0	0.74241734	0.24616706	0.0	1.2950402	2.8637087	0.0	0.0	1.2307575	0.60691875	0.10211344	0.33079043	0.25283724	0.81662065	0.0	0.8284828	0.0	1.2920295	0.0	0.0	0.0	1.6078217	0.0	1.6906474	0.03635601	0.1354203	0.0	0.07617334	0.9119373
TCGA-06-5858-01	0.3185772	1.4895296	0.0	0.0	0.0	0.5880271	0.0	0.3727279	0.8505299	0.0	0.0	0.07707295	0.0	0.36595505	1.7787056	0.40176496	0.0	0.0	0.31759357	0.0	0.0	0.0	0.88396966	0.39384353	0.5688391	0.18629183	0.0	0.0	0.0	0.13961342	0.11949013	0.0	0.24673253	0.11926523	0.0	0.0	0.039394956	0.0	0.0	1.6917433	1.5379614	0.0	0.0	1.5158126	0.0	0.0	0.01760523	0.54627895	0.0	0.0	0.0	0.0	0.0	0.0	0.0	0.0	0.1989015	0.0	1.6492995	0.56501687	0.0	0.57476926	0.0	3.452612
TCGA-06-5859-01	0.11739643	0.60367805	0.3714763	0.0	0.0	0.0	1.1393801	1.2484905	1.4276859	0.0	0.0	0.0	0.0	0.0	0.6598286	0.0	0.0	0.0	0.0	0.0	0.41321653	0.0	0.75153303	0.7777946	1.9317807	0.5936443	1.7207615	0.34916082	0.0	0.0	0.9000087	0.0	0.51540315	1.1703668	0.0	0.86182	0.0	0.0019188017	0.0	0.4845986	0.8794864	0.0	0.0	0.884594	0.0	0.0	0.6260694	0.14028116	0.0	0.32323545	0.0	0.0	0.0	1.7410504	0.0	0.0	0.0	0.0	0.0	0.0	2.3201265	0.0	0.0	1.1340896
TCGA-08-0386-01	0.0	0.32995763	0.57674056	0.0	0.0	0.0	0.0	0.0	0.59270114	1.8921994	0.75928	0.0	0.0	0.18750776	0.0	0.0	0.0	0.0	0.0	0.0	0.0	0.98497003	0.1766103	0.0	0.8994912	0.6772616	0.17854351	0.0	0.0	1.5713063	0.0	0.4946024	0.0	0.0	0.0	0.0	1.3760949	0.0	0.0	0.5643476	0.0	0.0	1.0206327	1.645861	0.0	0.2081071	0.0	0.35079113	0.0	0.0	0.0	0.0	0.0	0.0	0.6337264	1.1537621	1.480689	0.0	0.0	2.0787938	0.0	0.0	0.0	1.2223125
TCGA-12-0616-01	2.1175253	0.5410911	0.0	0.13375436	0.0	0.24131265	0.0	2.6482446	1.06148	0.0	0.0	0.0	0.0	0.0	2.0528495	0.0	0.0	0.0	0.25853053	0.0	0.40293893	0.0	0.0	1.3746066	0.6025674	0.9654837	0.0	0.22572604	0.3615151	0.020032719	0.18743901	0.0	0.0	1.4630148	0.0	0.0	0.68834144	0.0	1.0147636	2.039411	0.44659394	0.0	0.0	0.0	0.0	0.0	0.0	0.86924654	0.9295492	0.0	0.9065461	0.0	0.795212	0.0	0.0	0.8920937	0.0	0.0	0.0	0.11309258	1.272095	0.59688747	0.0	1.3773786
TCGA-12-0618-01	1.9449879	0.8583882	0.0	0.0	0.6910604	0.68096703	1.9472051	0.6232152	0.8296773	0.0	0.0	0.9122958	0.0	0.48315737	1.8333923	0.0	0.20235771	0.85955757	0.0	0.0	0.0	0.0	0.40098926	1.5140998	0.7461756	2.2473133	0.91370565	1.2981952	0.0	0.0	0.90052	0.0	0.0	0.70906025	0.42048422	1.4212145	1.0530457	0.85816103	0.0	0.24651851	0.21856183	1.4400411	0.0	1.4389215	0.0	0.0	0.0	0.7812917	0.27513802	0.0	0.0	0.0	0.0	0.37669316	0.0	0.5937651	0.4459422	0.0	0.45983574	0.5474562	0.28254282	0.0	0.0	0.0
TCGA-12-0619-01	0.0	2.3659437	0.0	0.0	0.0	0.0	0.20918646	0.0	2.0086691	0.0	0.0	0.27113423	0.0	0.0	0.9012978	0.0	0.0	0.0	0.0	0.36160815	2.1129668	0.0	0.0	2.433579	1.304584	0.0707444	1.7308805	0.45288363	0.59135544	0.0	0.0	0.0	0.0	0.74221784	0.0	0.0	1.1596693	0.1033056	0.16606523	0.82862544	1.1430115	0.0	0.0	0.0	0.0	0.0	0.0	0.58075464	0.0	0.0	0.0	0.0	0.0	0.3508303	0.13656543	0.0	1.0630102	0.0	0.6561823	0.0	0.9309536	0.0	0.0	0.5208772
TCGA-12-0821-01	2.0837665	0.0	0.18992211	0.8658093	0.03747336	0.0	0.13658932	0.6057305	1.4432361	0.6963043	0.0	0.0	0.0	0.3583422	0.0	0.0	0.0	0.0	0.0	0.0	0.269496	0.0	1.7301254	1.4319217	0.55994016	0.0	2.2139685	0.0	0.0	0.0	1.0586711	0.0	0.0	0.0	0.075016774	0.0	0.19592966	1.5656772	1.3678837	0.26949865	0.0	0.0	0.2467985	0.0	0.0	0.0	0.8528173	0.0	0.9871228	0.0	0.0	0.0	0.0	2.2572842	0.047851507	1.2246757	1.7796886	0.2915104	0.0	1.3060455	1.1162711	0.0	0.0	2.2851195
TCGA-12-3650-01	0.0	1.6350468	0.0	0.13617271	0.19833423	0.80582976	0.7572728	0.0	1.0123584	0.48701498	0.0	0.0	0.9966609	0.4498679	0.30756912	0.0	0.0	0.71584624	0.0	0.0	0.0	0.7204239	2.2787623	0.0	1.4756981	0.0	1.1233624	0.0	0.20804906	0.4832059	0.0	0.0	1.7290922	0.08946493	0.0	1.1670978	2.6111765	0.5609905	0.0	0.5393845	0.5555241	0.0	0.6259866	0.6050247	0.3468921	0.0	0.6240548	0.0	0.4220155	0.0	0.0	0.0	0.0	0.0	0.0	0.9549597	1.0069408	0.0	0.9086937	0.0	0.0	0.0	0.0	0.1988042
TCGA-12-3652-01	0.07370042	1.9263588	0.0	0.0	0.0	1.0823023	1.8405738	0.009667438	1.1027792	0.0	0.0	0.0	0.0	0.073407374	2.3239834	1.1738521	0.0	0.053607736	0.0	0.0	0.47235295	0.0	0.86495054	0.16700761	2.404026	1.245718	0.8870045	0.0	1.2733312	0.0	0.0	0.0	0.7631168	0.0	0.30636293	0.59346664	0.67414653	0.0	0.0	0.9718666	0.6270777	0.0	0.0	1.305206	0.11149268	0.0	0.59225696	0.062282875	1.1320301	0.045709148	0.0	0.0	0.046869237	0.0	0.0	0.8414487	2.2179246	0.0	0.986463	0.0	0.0	0.8646717	0.7448841	0.0
TCGA-12-3653-01	0.64217937	1.4915121	0.0	1.0549326	0.0	0.0	0.0	0.7678872	0.0	0.0	0.0	0.0	0.0	0.105076976	1.8445376	0.0	0.26837853	0.7722778	0.0	0.0	0.0	0.0	0.0	0.0	0.55843896	0.8015907	0.80771506	0.0	0.0	0.0	0.0	0.0	0.0	0.0	0.0	0.0	1.505184	0.0	2.365803	0.8662841	0.0	0.0	0.0	1.3581592	0.0366225	0.0	0.0	0.21891345	0.06517346	0.0	0.44364673	0.0	0.0066829436	0.0	0.0	0.82955396	0.9139108	0.0	2.5808542	0.0	0.0	0.5412198	0.28748885	1.4587592
TCGA-12-5295-01	0.33553985	0.29669902	0.0	0.0	0.1993649	0.0	1.1090956	0.19065127	0.43845275	0.0	0.42429024	0.0	0.0	0.0	1.334764	0.0	0.0	0.0	0.0	0.0	0.0	0.0	0.64201784	1.0035079	0.75765616	0.0	0.66505045	0.0	0.0	0.0	0.0	2.725463	0.03593771	0.0	1.2224543	0.04872579	0.9790858	0.7307307	0.0	2.5037513	1.2858359	0.0	0.0	1.168713	0.35597962	0.0	0.0	0.0	0.0	0.0	0.0	0.0	0.0	0.0	0.0	0.0	0.0	0.0	0.0	1.0107976	0.12123963	0.0	0.0	1.2948893
TCGA-12-5299-01	0.2912745	1.8338137	0.0	1.1054987	0.0	0.0	0.7143272	0.0	0.31951025	0.42850435	0.0	0.17608324	0.0	0.0	1.6763363	0.0	0.027733224	0.0	0.0	0.0	0.1787763	0.0	1.6018987	0.0	2.0934722	0.58969116	1.036048	0.0	0.0	0.39542785	0.0	0.0	1.0534331	0.0	1.7877828	0.015451409	1.577629	0.8864198	0.0	1.0273104	0.8017759	0.0	0.0	0.398409	0.6696381	0.0	0.0	0.37610745	0.0	0.0	0.0	0.12275378	0.0	0.0	0.0	1.2039142	1.7483857	0.0	1.6620394	0.0	0.0	0.0	0.72772676	0.0
TCGA-14-0781-01	0.0	1.1512718	0.0	0.0	1.6937176	0.0	0.054728385	0.11369033	0.47798496	0.3383878	0.0	0.0	0.0	0.28522414	1.5604777	0.0	0.46255043	0.47982264	0.0	0.0	0.0	0.0	1.5073636	0.09021629	1.9741377	0.0	0.34446856	0.0	0.0	0.1671113	0.0	0.5438256	1.7950301	0.0	0.0	0.0	1.274119	0.58038	0.0	0.95521164	1.5078815	0.0	0.951729	1.71948	0.0	0.0	0.9120584	0.0	0.33859506	0.0	0.0	0.0	0.0	0.39566532	0.0	0.0	0.34351298	0.7969916	0.72727495	0.0	0.0	0.0	0.48731396	1.2978128
TCGA-14-0787-01	0.0	1.9578178	0.0	1.0785961	0.0	0.0	0.47750145	0.0	0.29530653	1.1802621	0.2220185	0.0	0.0	0.0	0.6079481	0.0	0.0	0.94790006	0.0	0.0	0.0	0.0	1.8490862	0.0	1.5971127	0.0	1.0792819	0.0	0.0	0.78166604	0.0681403	0.9578989	2.0077167	0.0	0.53759074	0.12952533	0.40939194	0.6575115	0.0	0.8368263	0.91530526	0.0	0.030642588	0.8623575	0.11159891	0.0	0.0	0.0	0.0	0.0	0.28388664	0.0	0.0	0.0	0.0	0.5362551	0.6372933	0.0	0.8823411	0.0	0.0	0.0	0.0	1.7663404
TCGA-14-0789-01	0.0	0.9513184	0.0	0.0	0.41566178	0.45505437	0.0	0.0	0.13914022	0.08643626	0.0	0.0	0.0	0.98213667	0.39366272	0.16474569	0.0	0.82190037	0.0	0.0	0.0	0.0	2.1539607	0.0	1.5842046	0.0	0.6155596	0.0	0.0	0.0	0.0	1.1555537	2.1592565	0.04042376	0.0	0.78197783	2.8025293	1.0193946	0.0	0.42975515	1.5652542	0.0	0.3288845	0.8297878	0.0	0.0	0.0	0.0	0.65200925	0.89083916	0.19526339	0.0	0.0	0.0	0.0	1.2996666	1.7816619	0.60537326	0.6770832	0.0	0.0	0.37568718	0.0	1.2626916
TCGA-14-0790-01	1.3214954	1.231763	0.00067534484	1.3445444	0.042855464	1.1411606	0.28264016	0.30898803	0.0	0.602497	0.0	0.5818133	0.46221423	0.0	0.0	0.0	0.2554557	1.0044723	0.0	0.0	0.0	0.0	1.3003799	0.0	2.1039302	0.0	1.9832683	0.0	0.22793522	0.46677864	0.0	0.0	0.0	0.2937609	0.29670268	0.0	1.4259489	0.61916465	0.0	0.77005	0.62918586	0.0	0.21734138	0.7724787	0.48747987	0.0	0.98317116	0.0	0.6369291	0.0	0.32071003	0.0	1.647022	0.0	0.0	1.4127166	2.0334845	0.88659304	1.7785127	0.15371275	0.0	0.043104526	0.3225775	0.63061935
TCGA-14-0817-01	0.6056513	0.9736356	0.0	0.12095144	0.0	0.6714844	0.0	0.52338725	1.0285978	0.0	0.0	0.0	0.3419055	0.0	1.7601371	0.0	0.0	0.0	0.0	0.38398677	0.5902221	0.0	0.0	0.0	0.99214816	0.0	0.9967698	0.0	0.21295911	0.0	0.0	0.0	0.7870291	1.1698618	0.0	0.6393429	0.70680887	0.625457	1.805894	2.0264192	0.0	0.0	0.0	0.29947397	0.0	0.0	0.0	0.0	0.1946281	0.0	0.0	0.0	0.023170907	0.0	0.0	0.0	0.0037436124	0.0	0.851932	0.0	0.0	0.0	0.0	1.5353833
TCGA-14-0871-01	0.6715414	2.0526757	0.0	0.0	0.0	0.47339708	0.0	0.04828549	0.37186575	0.0	0.0	0.36415538	0.61349046	0.3180381	1.4575528	0.0	0.0	0.0	0.0	0.0	0.20763302	0.0	0.0	0.0	1.3585095	0.27941313	0.49988392	0.0	0.0	1.571254	0.0	0.0	0.14058171	0.0	0.0	0.0	0.18204606	0.0	0.7534978	1.2170633	0.0	0.0	0.0	1.8106008	0.0	0.0	0.77138066	0.0	0.0	0.0	0.0	0.0	0.0	0.0	0.23186149	1.7425255	1.2973537	0.0	2.4388337	1.4759614	0.013965537	0.0	0.0	1.1610787
TCGA-14-1034-01	1.3696197	2.7443404	0.0	0.37667394	0.121336415	0.0	1.0821408	0.9947604	0.84608287	0.31057408	0.0	0.8891895	0.0	0.0	0.0	0.0	0.0	0.58700335	0.0	0.0	0.8865816	0.0	0.4588603	0.41071367	2.0510275	0.0	2.4666805	0.10532679	0.0	0.0	0.90936637	0.0	0.12808348	0.0	0.0	0.49758986	0.7809687	0.3619354	1.6284232	0.0	0.0	0.0	0.0	0.8420965	0.0	0.0	1.5602338	0.0	0.0	0.0	0.0	0.0	1.1867394	0.0	0.0	1.1126354	0.8453101	0.0	1.0500389	0.0	0.0	0.0	0.0	0.9585677
TCGA-14-1823-01	0.0	2.2060363	0.0	0.0	0.3905847	0.23092246	0.6597723	0.0	0.40075004	0.0	0.0	0.0	0.0	0.0	2.1678805	0.01721733	0.0	0.0	0.0	0.0	0.0	0.0	1.1947824	0.0	1.2331107	0.15365645	0.0	0.0	0.0	0.0	0.0	0.42908967	1.8168657	0.0	0.0	0.0	2.9254155	0.0	0.0	0.23942119	0.0	0.5210665	0.0	1.8576552	0.0	0.0	0.57133627	0.10660346	0.7195253	0.0	0.0	0.0	0.0	0.38305685	0.0	1.8716034	0.52026385	0.16649345	0.55499756	0.0	0.0	0.0	0.0	0.83218867
TCGA-14-1825-01	2.3718724	1.1403258	0.0	0.0	0.63465273	0.0	0.78159535	1.648629	0.042329423	0.35506648	0.15686722	0.0	0.0	0.6857782	0.6387564	0.0	0.0	0.79278517	0.0	0.0	0.0	0.0	1.3527926	0.1246845	1.3693701	0.0	0.47858647	0.0	0.0	1.2892158	0.37672117	0.1931041	0.8207927	0.0	0.0	0.0	1.5641215	0.9059123	0.0	2.3976843	0.2064324	0.0	0.6663216	1.4276416	0.0	0.0	0.0	0.9719587	0.0	0.0	0.2297995	0.0	0.0	0.0	0.0	1.4972312	0.726074	0.4071316	0.0	0.0	0.042354576	0.0	0.0	0.0
TCGA-14-1829-01	0.26286426	0.6676881	0.0	0.0	0.35308704	0.71845365	1.5872171	0.63813406	0.6264317	0.0	0.0	0.07402323	0.0	0.0	0.8483323	0.0	0.0	0.055735376	0.0	0.0	0.0	0.0	1.0832115	0.0	1.9421666	0.022291835	0.42695627	0.0	0.0	0.4568825	0.9826835	0.0	2.6991076	0.33416858	0.0	0.0	2.7082605	0.7798281	0.0	0.7614072	1.0634454	0.49017432	0.0	1.4219699	0.0	0.0	0.62864184	0.010007979	0.6442395	0.063658625	0.20007525	0.0	0.0	0.0	0.0	1.0422742	0.329449	0.2507592	0.34202877	0.0	0.0	0.12947206	0.18010403	0.9909546
TCGA-14-2554-01	0.0	0.0	0.0	0.0	0.78585637	0.58278775	0.6957197	0.0	1.0548338	0.0	0.0	0.0	0.0	1.1504897	1.2491605	0.0	0.0	1.3962287	0.0	0.0	0.0	0.38232464	0.05308491	0.5702419	2.469722	0.0	0.24407527	0.0	1.1187432	0.0	0.0	0.0	1.0529554	0.4481049	0.0	0.8401916	0.0	0.06582255	0.0	1.4041773	0.8852032	0.0	0.5174733	0.7784753	0.30586213	0.0	0.0	0.8384781	0.0	0.0	0.0	0.0	0.0	2.0031552	0.0	1.0065558	1.2843993	0.0	0.0	0.056865968	0.0	0.0	0.0	1.1772254
TCGA-15-0742-01	0.65331686	2.1877909	1.5310938	1.3830463	0.0	0.87299275	0.7639162	0.0	0.0	1.2288677	0.0	0.0	0.0	0.6523453	1.1062846	0.0	0.0	0.0	0.0	0.0	0.0	0.0	1.7144955	0.0	0.0	0.0	0.8136115	0.0	0.0	0.0	0.7527162	0.43160304	0.12547626	0.0	1.2051194	0.0	1.9437975	1.4663737	0.0	1.2035172	0.26274118	0.0	0.19245881	1.2178674	0.99191016	0.0	0.474464	0.2406083	0.46281198	0.0	0.0	0.021305092	0.0	0.0	1.6366746	0.14608051	1.2708291	0.0044516046	1.7761226	0.0	0.6108702	0.0	0.0	0.8562967
TCGA-16-0846-01	1.3179159	0.27173862	0.0	0.0	0.05027241	0.0	0.78202397	0.3293371	0.5892732	0.33045515	0.0	0.0	0.0	0.1487619	0.0	0.0	0.04277734	0.025293972	0.0	0.0	0.339013	0.0	0.0	0.0	0.0	0.57146406	0.26180285	0.36386234	0.0	0.0	2.3940022	0.0	0.16570415	1.7762306	0.0	0.0	0.0	0.0	0.6998427	1.1168447	0.48138788	0.0	0.0	0.9184822	0.0	0.0	0.0	0.0	0.0	0.0	0.0	0.0	0.0	0.0	0.0	1.0282278	0.0	0.0	0.010356848	0.0	0.0	0.0	0.0	0.0
TCGA-16-1045-01	2.4484422	1.5511506	0.0	0.0	0.0	1.4983356	0.17366293	1.7033297	0.0	0.034002587	0.0	0.0	0.0	0.34547088	0.51131755	0.0	0.0	0.0	0.0	0.0	0.78377116	0.0	0.0	0.14756799	1.6912085	0.0	0.0	0.0	0.14829606	0.0	1.5048777	0.0	0.15027834	0.111209765	0.26188567	0.0	0.7566331	0.49709442	0.08720963	1.5312521	0.0	0.49113077	0.0	0.13485694	0.0	0.0	0.0	0.0	0.50901365	0.0	0.0	0.0	0.0	0.0	0.3734587	0.052192695	0.0	0.0	1.4756761	0.48211214	0.16859338	0.88832384	0.0	1.025361
TCGA-19-1390-01	1.1255084	1.1996136	0.0	0.0	0.0	0.6148998	1.8298256	1.151029	1.6049476	0.0	0.9330844	0.17909536	0.16186151	0.0	1.8164171	0.0	0.0	0.0	0.0	0.0	0.0	0.0	0.0	0.25847426	0.7698065	1.6226364	0.38607675	0.0	0.0	1.2876207	0.0	0.0	0.0	0.3129904	0.56454	1.0262135	0.8510369	1.5465523	0.0	1.502677	0.35424286	0.0330849	0.0	1.1400517	0.011627467	0.0	0.41747367	0.58859223	0.29472625	0.0	0.84616536	0.0	0.0	0.0	0.0	1.101486	1.1277047	0.0	0.0	0.0	0.25169292	0.0	0.0	0.19346789
TCGA-19-1787-01	1.5122453	1.9326947	0.0	0.3276828	0.0	1.6662998	0.06448075	2.1388075	0.0	0.0	0.0	0.47562835	0.0	0.39627308	0.0	0.0	0.0	0.31806985	0.0	0.0	0.701794	0.0	1.519621	0.096950546	1.5772452	0.83032095	0.15880641	0.0	0.0	0.0	1.2825515	0.0	0.72789913	0.73372144	0.0	0.1527011	0.39986724	1.2285998	0.0	1.5544932	0.0	0.0	0.0	0.7593864	0.0	0.0	0.0	0.0	0.0	0.5682824	0.0	0.0	1.824673	0.0	0.0	0.57886475	0.05297649	0.0	1.6380857	0.0	0.113116175	1.5218267	0.0	1.4172474
TCGA-19-2619-01	0.619154	1.5412326	0.0	0.0	0.0	0.0	0.60467416	0.0	0.41172534	0.0	0.0	0.0	0.0	0.4122706	1.8096766	0.0	0.0	0.0	0.4466481	0.0	0.36886382	0.0	0.0	0.0	0.0	0.0	0.92233807	0.06598284	0.0	0.0	0.0	0.0	0.0	0.0	0.0	0.9290081	1.6390277	0.0	0.07113411	0.14197122	0.22423936	0.0	0.0	0.8162095	1.1273519	0.87328523	0.0	0.0	0.92124856	0.0	0.0	0.0	0.0	0.0	1.9631886	0.9773509	1.6630981	0.0	2.89631	0.36967665	0.15618443	0.0	0.0	0.0
TCGA-19-2620-01	1.7626135	0.0	0.0	0.0	0.0	0.36949056	1.1077495	0.0	0.0	0.0	0.0	0.8138534	0.0	1.673447	0.0	0.0	0.0	0.0	0.0	0.0	0.0	0.0	0.0	0.0	0.67725885	0.0	0.5947197	0.0	0.0	0.25938722	0.027288552	0.0	0.80608577	0.0	0.0	0.0	0.5049237	2.3338032	0.0	1.766221	1.6596266	0.0	0.0	1.667116	0.87284064	0.0	0.0	1.6932054	0.1779386	0.0	0.3014384	0.0	0.0	0.0	0.0	0.0	1.1171943	0.44710636	0.37177494	1.5544349	0.13409965	0.0	0.0	1.8894657
TCGA-19-2624-01	0.8600407	1.1924824	0.031765208	0.0	0.58943194	0.3337977	0.50721705	0.0	0.051187754	0.9746046	0.0	0.41859317	0.0	0.61786336	0.9832116	0.0	0.74074364	0.7806142	0.0	0.0	0.0	0.0	0.44577277	0.48960704	1.1005	0.0	0.5044315	0.04521003	0.0	0.38734993	0.0	0.4105197	2.089733	0.5493285	0.60362077	1.5847412	1.5554193	1.8290486	0.0	0.91207856	0.0	0.0	1.0476397	1.01368	0.8972257	0.0	0.12721527	0.14627334	0.0	0.0	0.0	0.0	0.0	0.0	0.0	0.2298234	1.6146885	0.5223928	0.53284174	0.0	0.0	0.0	0.0	0.048969492
TCGA-19-2625-01	1.0302792	1.8047521	0.0	0.017839892	0.0	0.0	0.0	0.0	0.866073	0.6059558	1.0744979	1.4507998	1.1987532	0.0	1.4058799	0.0	0.0	0.41946906	0.0	0.0	0.0	0.6202023	0.016518082	0.0	0.0	0.0	0.8627949	0.0	0.0	1.2361233	0.0	0.0	0.12835094	0.8743018	0.0	0.4703645	0.4925325	0.48990113	0.15269157	1.3154006	0.0	0.0	0.0	1.2138362	0.34435177	0.0	0.0	0.16528651	0.13271466	0.0	0.0	0.0	0.0	0.0	0.0	1.3326696	1.199216	0.0	0.48708585	0.0	0.0	0.0	0.29477486	0.8900255
TCGA-19-2629-01	0.0	1.6903194	0.0	0.95698315	0.0	0.0	0.45862576	1.0171771	0.9686543	0.0	1.6714314	0.14879654	0.0	0.383752	1.3368194	0.0	0.0	0.0	0.0	0.0	0.0	0.0	0.039512184	0.0	0.67222726	1.5265458	0.0	0.0	0.0	0.7651006	0.08658467	0.0	0.0	1.5502154	0.0	0.0	0.45584315	0.0	0.0	1.7716782	0.7052882	0.0	0.0	0.3559234	0.0	0.31434396	1.2410473	0.0	0.0	0.0	0.49319258	0.0	0.12903817	0.0	0.0	0.27167606	0.16769457	0.0	0.7987828	0.4635841	0.037363615	0.0	0.0	1.0517347
TCGA-19-5960-01	0.94845665	1.3766268	0.1276164	0.0	0.0	0.0	0.16008484	0.0	0.8893527	0.0	1.2613283	0.5306169	0.0	0.0	1.8562295	0.0	0.2031032	0.19606203	0.0	0.0	1.2049084	0.0	0.0	0.34314248	0.0	1.1706146	1.2357123	0.0	0.0	0.39956895	0.0	0.0	0.88877547	0.05666912	1.4001026	2.4823544	1.4797516	1.3548775	1.1903989	0.24836236	0.0	0.0	0.0	0.28116637	1.0201427	0.0	0.0	0.0	0.0	0.0	0.5288811	0.0	0.0	0.0	0.0	0.0	0.87094414	0.0	0.41462365	0.0	0.023578782	0.5280038	0.0	1.3120595
TCGA-26-1442-01	2.0394073	0.0	0.0	0.0	0.6530436	1.8070618	0.010261137	0.0	0.0	0.33359239	0.0	0.0	0.0	0.92754376	0.8626298	0.0	0.0	0.90144134	0.0	0.0	0.69753057	0.0	0.0	0.31760898	0.0	0.0	0.0	0.5193686	1.1399668	1.0085555	0.05570207	0.0	0.0	1.6999505	0.0	0.32320178	0.0	2.1238785	0.0	0.9231486	1.3821752	0.0	0.0	1.6481636	0.79996544	1.1486742	0.0	0.101308234	0.40538085	0.0	0.41738376	0.0	0.0	0.6166358	0.40712824	0.15175433	0.0	0.0	0.555234	0.51984054	0.0	0.0	0.0	0.5910454
TCGA-26-5132-01	0.0	0.90815073	0.3453696	0.51256865	0.8418247	0.0	0.5009364	0.0	1.1910789	0.0	0.0	0.29419768	0.0	0.7277492	1.4085175	0.5914204	0.0	0.0	0.0	0.0	0.041138157	0.0	1.3094164	0.38784158	1.753369	0.0	2.0829816	0.0	0.0	0.0	0.5591236	1.6013103	0.7218144	0.0	1.1248995	0.49368575	0.34597027	0.0	0.0	0.7112339	0.27907977	0.0	0.15031421	1.9425093	0.0	0.0	0.0	0.5490825	0.0	0.0	0.0	0.0	0.0	0.0	0.0	0.732311	1.4102386	0.0	0.6936677	0.0	0.0	0.5304992	1.1050037	0.903314
TCGA-26-5133-01	0.240809	0.8115237	0.0	0.28179947	0.0	0.0	0.0	0.0	1.313367	0.0	1.6539726	0.6426372	0.30434495	0.04154963	2.9166913	0.0	0.43525654	0.0	0.47277346	0.0	0.0	0.0	0.2246926	0.0	0.0	0.35949543	0.73566294	0.0	0.0	0.30596745	0.3731623	0.0	0.55967003	0.06594087	0.43749034	0.26387754	0.0	0.0	0.66457355	2.0597053	1.0939244	1.494467	0.0	0.94772017	1.431442	0.0	0.75172895	0.45517725	0.0012645579	0.0	0.0	0.0	0.0	0.0	0.0	0.52697664	0.30957407	0.0	1.244696	0.6960522	2.3328903	1.099379	0.048077673	1.0216116
TCGA-26-5134-01	0.9266963	0.0	0.3224205	0.0	0.06908677	0.0	0.8105355	0.40146673	2.5321438	0.0	0.0	1.2920057	0.0	2.0794678	0.0	0.0	0.0	0.0	0.0	0.0	0.0	0.0	0.64692914	0.5864738	1.3112469	1.4786962	0.8166497	0.32314315	0.0	1.3889306	0.1770009	0.0	0.0	0.9350555	0.20419846	0.7033513	0.1410458	1.4369203	0.73150206	0.41081375	0.0	0.38706487	0.0	1.7118052	0.0	0.0	0.911192	0.53611726	0.285816	0.0036280998	0.0	0.0	0.0	0.57389796	0.0	1.6082544	0.33471182	0.85012364	0.87712973	0.35080084	1.0404812	0.0	0.0	0.8637932
TCGA-26-5135-01	0.83604383	1.3703	0.0	0.045295976	0.661217	0.4318641	0.26189563	0.6166493	1.2034895	0.7423839	0.0	0.0	0.0	0.5485268	1.0219638	0.0	0.0	0.66115224	0.0	0.67428464	0.0	0.0	0.19720045	1.350268	2.526843	0.0	0.914436	0.0	0.0	0.83198786	0.0	0.0	1.4433126	1.4545716	0.0	0.0	1.0242549	0.87840706	0.0	1.0521203	0.78571755	0.44795015	0.5721928	0.8518655	0.0	0.0	0.63493043	0.0	0.061955318	0.0	0.07092971	0.0	0.0	0.6486686	0.0	0.19670258	0.0	0.0	0.0	0.0	0.0	0.0	0.0	0.62631375
TCGA-26-5136-01	1.504142	0.017019471	0.0	0.0	0.0	0.0	0.0	0.22968322	0.5596941	0.0	1.6079233	0.026854098	0.0	0.0	2.019433	0.0	0.0	0.34988654	0.25769228	0.0	0.0	0.0	0.4097342	0.0	0.9539159	0.5400139	0.0	0.0	0.0	1.0595014	0.0	1.0069013	0.0	0.13685808	0.0	0.0	1.1026585	0.0	0.9462197	1.3747909	0.18128471	0.0	0.03296923	1.7274884	0.0	0.27309313	0.0	0.3603491	0.0	0.0	0.0	0.0	0.0	0.0	0.0	0.8660644	0.29473862	0.0	0.91105336	1.8540151	0.0	0.0	0.0	2.1416383
TCGA-26-5139-01	0.0	1.6858487	0.0	0.021670137	0.0	0.0	0.0	0.0	0.76179016	0.0	0.0	0.19023812	0.0	0.8827645	1.732281	0.5856171	0.0	0.5197684	0.0	0.0	0.0	0.0	1.2489599	0.0	1.7894887	0.0	0.39017355	0.0	0.5780032	0.0	0.0	1.3033859	2.329291	0.0	0.0	0.5883988	1.5252724	0.20973144	0.0	1.3246251	0.85718054	0.0	0.14037871	1.4380265	0.124637276	0.0	0.601534	0.0	0.17646039	0.0	0.0	0.0	0.0	0.0	0.0	0.0	1.011942	0.0	0.87242603	0.0	0.0	0.0	0.037725456	1.3111933
TCGA-27-1830-01	0.6039822	0.8320179	0.0	0.0	1.4704025	0.24223664	0.5064052	0.56005996	0.99511385	0.66055036	0.0	0.0	0.0	0.46733633	0.0	0.0	0.03133468	0.0	0.0	0.0	1.3688569	0.0	0.26969862	1.0760856	1.1255343	0.1484844	0.07699432	0.0	0.045506768	0.0	0.0	0.0	0.72406465	0.25224432	0.0	0.0	0.0	0.67346287	1.3417364	1.1122853	0.27564383	1.4475199	0.0	0.0	0.0	0.0	0.84388626	0.0	0.8241654	0.15424861	0.0	0.0	0.40842652	0.9518778	0.0	0.0	0.10080207	0.0	1.4073721	0.0	0.36973748	0.0	0.0	0.11929163
TCGA-27-1831-01	1.523781	0.4362824	0.0	0.0	0.0	0.82907104	0.37419704	0.45408818	0.11273932	1.613473	0.0	0.0	0.0	0.22320692	0.0	0.0	0.0	0.0	0.0	0.0	0.1692434	0.0	0.6248051	1.4136341	0.54424495	0.0	1.0297189	1.3769735	0.0	0.0	0.5236249	0.0	0.0	0.0	1.3708253	0.5703815	1.1164056	1.4782221	0.0	0.12052551	0.6018334	0.0	0.46066716	1.4011577	0.058654565	0.0	0.0	0.0	0.0	0.28087935	0.0	0.0	0.0	0.06931785	0.99058956	0.0	1.2683847	0.0	0.25468913	0.02160563	0.0	0.0	0.0	0.8537239
TCGA-27-1832-01	0.9738714	0.9058567	0.0	0.0	0.0	0.18538395	0.0	0.022934454	1.0285436	0.0	0.25391868	0.78951585	0.0	0.995136	2.1942856	0.0	0.0	0.0	0.025704818	0.0	0.0	0.0	2.0051792	0.0	0.96954596	0.66727734	0.117791384	0.0	0.0	0.0	0.0	1.6566746	1.2230246	0.0	0.015096178	0.0	0.83659273	0.92932063	0.0	2.7722318	0.23611012	0.0	0.018660687	2.0922108	0.0	0.0	0.73777956	0.0	1.3026844	0.0	0.018427368	0.0	0.0	0.4086773	0.0	0.16608201	0.55218667	0.13844876	0.0	1.7410501	0.0	0.124546416	0.0	1.9090177
TCGA-27-1834-01	0.42132628	0.24430746	0.0	0.0	1.5448289	0.0	1.0549006	1.1863153	1.3509489	0.0	0.0	0.0	0.0	0.30696124	0.8653183	0.6146164	0.0	0.46655017	0.13794138	0.0	0.0	0.0	0.0	0.83671814	1.158058	0.87264234	0.0	0.0	0.4940391	0.0	0.0	0.07744212	0.0	0.0	0.0	0.43139952	0.97011185	1.3536687	0.5411701	0.50129646	0.45144275	0.0	0.0	2.573343	0.0	0.6291099	1.3767638	0.0	1.4702016	0.0	0.0	0.0	0.0	0.060513448	0.6074487	0.0	0.73229074	0.0	0.40343195	0.33847892	0.0	0.0	0.0	1.5376157
TCGA-27-1835-01	0.29710707	2.646968	0.0	0.0	0.0	0.0	0.702515	0.0635602	0.36514005	0.37678492	0.14814232	0.0	0.0	0.0	2.0824368	0.0	0.0	0.0	0.0	0.0	0.0	0.30031148	0.0	0.0	0.60236937	1.280636	0.0	0.0	0.0	0.1459135	0.0	0.0	0.36910093	0.0	0.15348852	0.0	1.3342669	0.3169459	0.074306644	0.67750275	0.40232548	0.34145755	0.0	1.2358643	0.0	0.14724262	0.0	1.1560619	0.0	0.0	0.0	1.972168	0.0	0.0	0.074827	2.3030653	1.5828245	0.27963203	0.34891665	0.0	0.0	0.0	0.0	0.0
TCGA-27-1837-01	1.2151783	2.0672348	0.0	0.0	0.0	0.7015523	0.086844414	0.61456466	0.0	0.0	0.0	0.0	0.0	0.0	1.2702811	0.13362283	0.0	0.2523737	0.0	0.0	0.9662113	0.0	0.49729374	0.0	2.3690176	0.0	0.0	0.0	0.7997952	0.0	0.26518896	0.0	0.55712694	0.0	0.0	0.7126175	1.1718227	0.8827888	0.0	0.6117261	0.0	0.0	0.0	0.060640387	0.52973485	0.0	0.0	0.0008946019	0.7558194	0.0	0.0	0.0	1.4316365	0.019500827	0.0	0.69489074	0.83533055	0.05763017	1.9752204	0.0	0.0	1.8737563	0.30811682	1.1296902
TCGA-27-2519-01	0.32458776	1.1517144	0.0	0.18651722	0.90269315	0.0	0.2629054	0.0	0.0	0.0	0.68221545	0.0	0.0	0.0	2.11367	0.0	0.0	0.1739713	0.0	0.372631	0.0	0.0	0.0	0.65430593	1.1158223	1.0365876	0.0	0.0	0.0	0.0	0.0	1.1037387	0.04017888	0.66728467	0.0	0.0	0.28959745	0.0	0.20886634	1.1903325	1.8069826	0.0	0.43334275	1.5174745	0.31949812	0.0	0.6492528	0.0	0.5804223	0.0	0.1384075	0.0	0.0	0.0	0.0	0.0	1.6282595	0.0	0.0	0.0	0.0	0.0	0.28960302	1.7603828
TCGA-27-2521-01	1.4819461	0.0	0.47360834	0.21663444	0.0	0.0	0.0	0.052089322	0.62578094	0.050900474	0.0	0.0	0.0	0.0	0.0	0.0	0.16285491	0.0	0.0	0.0	0.45818022	0.0	0.33307067	0.33530045	0.0	0.0	1.7464991	0.11883844	0.0	1.2501124	0.0	0.0	0.0	0.6804933	2.2623377	0.64736223	0.29799342	0.89967304	2.5681431	0.0	0.0	0.0	1.2887635	0.5306498	1.192094	0.0	0.072934754	0.0	0.044332553	0.0	0.0	0.0	0.46370205	1.0102853	0.5629327	1.2509211	2.6181984	0.2918346	0.0	0.0	0.5376674	0.0	0.0	1.6368318
TCGA-27-2523-01	0.65967876	1.2511029	0.0	0.11275141	0.7087264	0.0	0.7210147	0.19501124	1.2418988	0.96380574	0.0	0.0	0.0	1.2194697	1.0186784	0.0	0.021403674	1.0771837	0.0	0.0	0.0	0.17875357	2.004814	0.73216873	1.1026988	0.0	1.9538946	0.0057842867	0.0	0.11674607	0.0	0.0	1.635818	0.53084445	1.0384729	0.10799943	1.8634202	1.117234	0.0	0.50870794	2.352219	0.0	0.0	0.68435705	0.0	0.35298488	0.0	0.0	0.3685872	0.0	0.0	0.0	0.0	0.0	0.0	0.7203779	0.05240806	0.2740417	1.530569	0.0	0.0	0.0	0.0	0.02105399
TCGA-27-2524-01	0.27117756	0.32586834	0.28996384	0.60397005	2.043543	1.0159266	0.9879514	0.0	0.5394102	0.0	0.0	0.0	0.0	0.0	0.40538648	0.0	1.4461595	0.47372472	0.0	0.0	0.0	0.0	1.9570913	0.0	1.3027683	0.0	0.28168854	0.0	1.5661484	0.13947551	0.0	0.0	0.0	0.73547405	0.0	0.0	1.0547373	0.42309988	0.0	1.1692431	1.4969592	0.0	0.62591594	1.7385871	0.25448117	0.0	0.0	0.657427	1.380593	0.0	0.0	0.0	0.60666907	0.0	0.78337723	0.0	1.8431567	1.2230076	1.4327549	0.27969897	0.0	0.0	1.1346664	0.09856045
TCGA-27-2526-01	0.9591909	0.14656612	0.0	0.0	0.0	0.7783369	0.0	0.0	0.0	0.0	0.0	0.0	0.0	0.0	0.8169298	0.0	0.0	0.9355559	0.0	0.2094267	0.15328696	0.0	0.37869748	0.0	0.8231523	0.0	0.0	0.0	0.27867955	0.31035236	0.0	0.0	0.14230618	1.0243838	0.0	0.0	1.7986312	1.3144575	0.0	2.0685923	2.102862	0.0	0.090417236	1.0755162	0.0	0.0	0.29042122	0.50789225	0.4482297	0.0	0.0	0.0	0.0	0.0	0.0	0.6185108	0.030680694	0.0	1.4696977	0.0	0.0	0.61861736	0.0	0.64735156
TCGA-27-2528-01	0.0	1.0568303	1.0293479	0.64249223	0.52869093	0.5682115	0.5906308	0.050569847	0.0	0.07451807	0.0	0.0	0.0	0.33590895	1.3481396	0.0	0.0	0.87130207	0.0	0.0	0.0	0.0	2.1760056	0.8897131	2.7365448	0.46779782	1.5477948	0.0	0.77727467	0.0	0.0	0.0	1.271061	0.0	0.7685966	0.0	2.1527116	0.24800067	0.0	0.29301396	1.7248117	0.0	0.054144066	0.5428158	0.42720097	0.0	0.0	0.0	0.0	0.0	0.0	0.040276606	0.0	0.0	0.0	0.0	1.2968376	0.50024724	1.4368029	0.0	0.0	0.0	1.0419965	0.0
TCGA-28-1747-01	0.7998656	2.671029	0.0	0.11445963	0.0	0.81611025	0.0	0.49113628	0.8626927	1.4483687	0.0	0.0	0.0	0.0	2.665641	0.0	0.0	0.0	0.0	0.0	0.0	0.0	0.14578933	0.2557904	1.1202022	0.6467768	0.7801856	0.0	0.0	0.0	0.0	0.0	0.37914953	0.0	0.4972951	0.14110614	1.2289294	1.1312346	0.0	1.8040012	0.0	0.489304	0.0	2.0239036	0.0	0.0	0.0	0.6700662	0.0	0.0	0.0	0.7430875	0.0	0.0	0.0	1.2955441	2.3197823	0.0	0.12901716	0.0	0.0	0.14924325	0.3020838	0.7375662
TCGA-28-1753-01	0.0	1.1782355	0.0	0.060864564	0.1027548	0.6118717	0.0	0.0	1.3190219	0.35479116	0.0	0.0	0.2659178	0.72415394	0.64583576	0.3714794	0.0	0.6784815	0.0	0.0	0.0	0.0	1.7972771	0.52022845	1.7462474	0.0	0.65235215	0.0	0.0	0.90572715	0.0	0.3568352	1.7554103	0.0	0.13943368	0.43178943	1.5052696	1.5004381	0.0	0.74798626	1.267088	0.0	1.1027665	1.560183	0.0026072767	0.0	0.57703793	0.0	0.41770226	0.0	0.0	0.0	0.0	0.75812083	0.0	0.3610588	1.3819448	0.25877136	0.43062338	0.0	0.0	0.0	0.0	1.9651107
TCGA-28-2509-01	0.0	1.3414868	0.0	0.00094084884	0.5888366	0.43440574	0.25754347	0.34834513	0.0	0.14932567	0.0	0.21916716	0.49094093	0.9155973	0.7140389	0.0	0.11421166	0.8069018	0.0	0.0	0.11997164	0.02606875	1.6228478	0.0	1.290757	0.0	0.08767431	0.0	0.0	0.9002185	0.0	0.0	2.2571652	1.2046359	0.0	0.78226787	1.5374359	1.6985856	0.0	0.36092997	0.6943003	0.029903304	0.22669049	2.3716629	0.0	0.0	0.314488	0.0	0.0	0.12917724	0.0	0.0	0.0	0.0	0.0	0.10968175	1.2877291	0.0	0.9756172	0.0	0.0	0.0	0.0	1.0554239
TCGA-28-2510-01	0.9464086	1.2606642	0.0	0.0	0.0	0.0	0.6523148	0.27222857	0.27447283	0.63674515	0.13611417	1.3244487	0.0	0.5936705	0.27141893	0.0	0.010882389	0.04059141	0.0	0.0	0.0	0.0	1.2252971	0.0	1.6786233	0.0	0.0	0.0	0.0	1.7566231	0.9562811	0.0	1.0613865	0.55845624	0.50422484	0.0	0.8548869	1.7651329	0.0	1.2925895	0.0	0.0	0.0	2.2652092	0.0	0.0	0.0	0.0	0.0	0.0	0.0	0.0	0.0	0.0	0.0	0.6314147	1.3695148	0.6531336	1.483981	0.0	0.0	0.0	0.0	2.0299172
TCGA-28-2513-01	0.0	1.0656611	0.0	0.0	0.64417017	0.63245064	0.8101022	0.0	0.41961744	0.05484536	0.0	0.0	0.0	0.4221446	0.7282352	0.0	0.44614503	1.1683224	0.0	0.0	0.0	0.0	2.273261	0.0	2.599085	0.0	0.53724205	0.0	0.7191904	0.0	0.0	0.21357456	1.3717905	0.23667605	0.0	0.46210462	1.995135	0.74234915	0.0	0.09353833	1.2186601	0.0	0.5443093	1.3326678	0.0	0.0	0.40875742	0.0	0.0	0.0	0.0	0.0	0.0	0.40831238	0.0	0.34165168	0.6987288	0.22034991	1.0301807	0.0	0.0	0.0	0.0	1.0257154
TCGA-28-2514-01	0.7369006	2.8976157	0.0	0.11760953	0.0	1.0286089	0.19463	0.28246006	0.0	0.20935738	0.0	0.50067145	0.0	0.0	1.6578313	0.0	0.0	0.32783344	0.0	0.0	0.5096262	0.0	0.0	0.0	0.8425887	0.02843467	1.2440708	0.0	0.0	0.0	0.0	0.0	0.28539357	0.05927452	0.761951	0.0	1.7943422	0.29983538	0.0	1.7792029	0.6117417	0.0	0.0	0.77075243	0.69870377	0.14690563	0.8269889	0.23770885	0.29108426	0.0	0.0	0.0	0.022160321	0.0	0.5377183	0.0	1.6531054	0.0	2.2841628	0.0	0.0	1.6572958	0.67165256	1.2457514
TCGA-28-5204-01	1.7723585	0.20156974	0.0	0.0	0.0	0.78953886	0.19478914	0.7502773	0.0	0.6042593	0.0	0.8859016	0.0	0.8995925	0.0	0.0	0.0	0.0	0.0	0.0	0.0	0.1368868	0.0	0.0	0.01411813	0.0	0.3207773	0.27102914	0.0	0.22197513	0.99317396	0.0	0.0	0.0	0.33160195	0.0	0.7676118	0.0	0.20347862	0.46452802	0.6701062	0.0	0.0	0.70602065	1.8670423	0.0	0.10476317	0.0	0.333288	0.0	0.26241404	0.0	0.0	0.0	0.0	0.0	2.1475806	0.0	0.9638143	1.4821875	0.0	0.0	0.0	2.4164336
TCGA-28-5207-01	0.0	0.5888421	0.0	0.0033871583	0.0	0.0	0.19623455	0.0	1.4124157	0.0	1.7325436	0.36735785	0.0	0.28773618	0.44324014	0.0	0.87349147	0.0	0.0	0.0	0.016326966	0.0	0.0	0.0	0.81017154	0.3625895	0.0	0.0	1.2664568	0.0	0.24737778	1.4976931	1.565037	1.314827	0.2168024	0.0	1.3169361	0.05641737	0.904179	1.0111524	2.8611975	0.0	0.0	0.0	0.0	0.14067481	0.0	0.9755476	0.0	0.0	0.0	0.057122957	0.0	0.0	0.0	1.0210007	0.36124182	0.0	0.0	0.12196245	0.0	0.0	0.0628181	0.49984962
TCGA-28-5208-01	0.704606	0.8104099	0.0	0.0	0.87707824	0.0	1.8281142	0.0	0.1259707	0.0	0.2681237	0.0	0.0	0.46803555	0.23084445	0.050440572	0.22651322	1.2894769	0.32694522	0.0	0.0	0.16476059	1.4623206	0.0	1.8244418	0.0	0.0	0.0	2.460472	0.0	0.0	1.132135	1.1973889	0.8674309	0.65521985	0.0	0.0	0.0	0.0	1.5779134	0.4434231	0.0	0.40890232	1.5726119	0.0	0.0	0.31391442	0.771876	0.0	0.0	0.0	0.0	0.0	0.0	0.0	0.0	1.1699929	1.3961997	0.0	0.8957682	0.0	0.0	0.0	0.7022097
TCGA-28-5209-01	1.1025113	1.5362381	0.0	0.53059626	0.64147687	0.8313348	0.66365033	0.0	0.8533398	0.5682062	0.0	0.7162845	1.1322584	0.26942542	0.8056233	0.0	0.0	1.1276748	0.0	0.0	0.0	0.0	0.09848387	0.0	1.4864296	0.0	1.5262568	0.0	0.0	0.0	0.0	0.0	0.9885467	0.0	0.43549427	1.0856813	1.6839169	1.8037498	0.0	1.1843499	0.17872974	0.0	0.0	1.068137	0.11505668	0.019411433	0.0	0.0	0.5914449	0.0	0.0	0.0	0.0	0.0	0.0	0.34184125	1.0545497	0.37967634	1.1166219	0.25090548	0.0	0.0	0.0	0.95364463
TCGA-28-5213-01	0.10911157	0.98252565	0.0	0.75876254	0.0	0.0	1.2228975	0.22472183	1.3169138	0.18783431	0.0	0.0	0.0	0.0	2.648233	0.41727173	0.64772785	0.0	0.0	0.0	0.0	0.0	1.6111013	0.0	1.5041898	0.0	0.02125099	0.0	0.076433875	0.41536435	0.0	1.0617626	1.5613129	0.28156188	0.8244831	0.0	1.2618119	0.4818432	0.0	2.2523398	1.3842963	0.6098798	0.12035036	1.4569113	0.06817457	0.0	0.44179496	0.0	0.67750263	0.0	0.0	0.2579151	0.0	0.0	0.0	0.24924743	0.9197004	0.20428452	0.0	0.0	0.0	0.6038384	0.7116988	1.0947037
TCGA-28-5215-01	0.9447658	0.76565	0.0	0.0	0.0	0.0	0.0	0.47750577	0.5544381	0.0	0.4297938	0.06682988	0.0	1.2159646	0.5492941	1.2872849	0.6010593	0.0	0.93263423	0.09346992	0.012510132	0.0	0.0	0.0	2.0760565	0.24368405	0.21449368	0.0	1.3216996	0.20058118	0.08223387	0.78521895	0.95435554	1.282343	0.013360757	0.0	0.0	0.0	0.0	2.7891998	0.7188674	0.0	1.1545162	1.4752238	0.0	0.0	0.7370246	0.3691038	0.18136336	0.0	0.0	0.0	0.0	0.27153072	0.0	0.11072061	0.0	0.0	0.33410442	0.23299347	0.0	0.0	0.0	0.637165
TCGA-28-5216-01	1.2107437	0.49211195	0.0	0.17316861	0.0	0.34004763	0.0	1.0662693	0.0	0.0	0.0	0.0	0.22318867	0.0	1.3538404	0.0	0.0	0.0	0.0	0.0	0.0	0.0	1.3859458	0.0	0.34316415	0.49190715	0.0	0.0	0.0	0.08456469	0.0	1.4247515	0.7225948	1.0450195	0.0	0.0	1.3480151	0.99298525	2.1269777	2.7288413	0.8848564	0.0	0.0	0.8143604	0.0	0.0	0.0	0.0	0.41103017	0.0	0.0	0.0	0.0	0.0	0.0	0.28822243	0.0	0.0	0.5694384	0.37618023	0.17813954	0.97786635	0.0	1.5671935
TCGA-28-5218-01	1.9746621	0.0	0.0	0.0	0.44413784	1.933016	0.6595317	1.0225973	0.0	0.5624345	0.0	0.0	0.0	1.0923107	0.0	0.0	0.0	0.0	0.0	0.0	0.7548298	0.0	0.054577757	0.7520781	0.8814931	0.0	0.0	0.0	0.99815524	0.68403965	0.0	0.0	0.18214117	1.8168544	0.0	0.0	0.0	1.1063349	0.3899814	1.4077443	1.2162741	0.0	0.0	0.4998139	0.0	0.0	0.0	0.70181435	0.8608091	0.0	0.0	0.0	1.2280178	0.0	0.0	0.7718961	0.58389854	0.9069373	0.623616	0.0	0.45037496	0.388528	0.0	1.9281714
TCGA-28-5220-01	0.0	1.1839471	0.0	0.0	0.0	0.15385528	1.6498849	0.0	0.7803501	0.078323014	0.0	0.0	0.0	0.32987553	2.6823604	0.73547626	0.0	0.0	0.0	0.0	0.09124128	0.0	0.38788006	0.0	1.4101727	0.0	0.0	0.0	0.0	0.0	0.0	0.026944093	1.5198697	0.2901109	0.0	0.0	1.1083341	0.38218847	0.0	1.1011853	1.6276015	0.24847142	0.0	0.48852268	0.8365212	0.0	0.3013767	0.45506805	0.34152362	0.0012192213	0.3770556	0.0	0.0	0.0	0.0	0.24672133	1.5412458	0.0	0.0	0.0	0.2961063	1.2006906	0.4492111	0.6674896
TCGA-32-1970-01	1.2505828	2.3121455	0.0	0.0	0.0	0.0	0.0	1.1037872	0.79376155	0.0	0.0	0.2137303	0.0	0.0	1.4606928	0.0	0.0	0.46515286	0.0	0.0	1.7013104	0.0	0.0	0.2692595	1.1835026	0.0	0.8660194	0.0	0.99876845	0.0	0.0	0.0	0.0	0.0	0.0	0.0	1.1612574	0.1131773	1.0995858	1.2021896	0.2955003	0.0	0.0	0.0	0.28575528	0.0	0.0	0.6888078	0.0	0.0	0.0	0.7496387	0.3796408	0.0	0.0	0.0	0.76123154	0.0	2.3721497	0.0	0.0	1.096708	0.17620233	2.10136
TCGA-32-1980-01	0.0	0.18921116	0.0	0.0	0.6925109	0.622636	0.0	0.0	1.6681166	2.4106183	0.0	0.0	0.0	0.38983512	0.0	1.1253536	0.0	0.0	0.0	0.0	0.043084253	0.36525807	0.0	2.0482295	0.99643385	0.0	0.32283315	0.0	0.24170208	1.8642799	0.09419267	0.91420317	0.0	0.16813125	1.6793458	0.0	0.63573086	1.4586545	0.0	0.96757257	0.0	0.0	0.5136741	1.3769702	0.0	0.0	0.0	0.191379	0.0	0.0	0.0	0.0	0.0	0.0	0.0	0.56645995	1.4361076	0.0	0.0	0.0	0.0	0.0	0.0	1.8252368
TCGA-32-1982-01	0.39715195	0.0	0.0	0.0	0.0	0.0	1.7762105	0.0	0.0	0.90476733	0.0	0.0	0.0	1.6319087	0.9928258	0.27902412	0.0	0.1911656	0.0	0.0	0.0	0.6298096	0.24645501	0.0	1.6076012	0.0	0.0	0.48673606	0.3983631	0.12152042	0.0	1.2479949	0.22824791	0.42331728	0.0	0.0	1.4554394	0.6269834	0.0	0.6614826	1.5183097	0.0	0.124787755	1.3993502	1.1008371	0.012226036	0.0	0.4311626	0.8435626	0.0	0.0	0.0	0.0	0.0	0.0	0.8351521	1.6569196	0.46053645	0.29353034	0.0	0.0	0.0	0.0	0.598051
TCGA-32-2615-01	1.1107416	0.0	0.047030997	0.56974673	0.0	0.0	0.63108534	0.0	2.0087204	0.043062653	0.035057988	0.0	0.0	0.8783069	0.62266815	0.0	0.11988673	0.0	0.0	0.0	0.0	0.0	0.0	0.73292243	1.7096545	1.7267903	0.0	0.0	0.0	2.1825583	0.0	1.1368477	0.0	0.0	0.0	0.98108417	0.0	1.2948639	0.0	1.7258443	0.0	0.0	0.0	1.2443644	0.41803014	0.0	0.20166802	0.0	0.21991055	0.0	0.18314214	0.0	0.0	0.0	0.0	0.33633283	0.8610437	0.0	0.0	0.7607174	0.0	0.3803051	0.0	2.4589422
TCGA-32-2616-01	0.0	0.720126	0.0	0.0	0.0	0.0	0.0	0.0	0.15410714	0.0	0.44676104	0.45448208	0.0	0.6735556	1.4191267	0.72066534	0.0	0.0	0.36967438	0.0	0.0	0.0	0.0	0.0	1.2110336	0.10368084	0.409776	0.0	0.0	1.2933747	0.37862837	1.9352008	0.99853945	0.16700773	0.0	0.0	0.3238473	0.0	0.0	1.6357675	0.6485672	0.0	1.0060166	1.2786312	0.23064107	0.0	0.0	0.63559616	0.0	0.0	0.0	0.0	0.0	0.0	0.0	1.2472943	0.2955532	0.0	1.2150573	0.9208005	0.024301905	0.0	0.0	1.8129699
TCGA-32-2632-01	0.13688587	1.200543	0.5252695	0.0	1.6531496	0.41873968	0.9075941	0.0	0.0	0.8312754	0.0	0.0	0.0	0.0	0.06715123	0.0	0.4982642	0.0	0.0	0.40189937	0.24914065	0.0	0.88421786	0.0	1.4415023	0.0	0.68998504	0.0	0.0	0.0	0.37187353	0.30217776	0.9927848	0.8685367	0.0	0.0	1.8070052	0.22437222	0.59668344	1.3178899	0.0	0.0	0.0	1.4467307	0.0	0.0	1.667442	0.0	0.4853572	0.13326034	0.0	0.0	2.0449693	0.0409217	2.005713	0.5447906	1.0362865	0.8441178	1.028554	0.2808131	0.49915314	0.0	0.06306929	0.3003108
TCGA-32-2634-01	0.96328	0.9364951	0.0	0.0	0.22857046	1.1746064	1.606762	0.47887182	1.7450184	1.2853299	0.0	0.23734221	0.0	0.34074947	0.6898831	0.0	0.0	0.059424143	0.0	0.34234902	0.0	0.0	2.3533275	0.3169948	2.0207496	0.23444751	0.33217737	0.0	0.52486956	0.0	0.2263495	0.3240331	1.3195213	1.3734806	0.0	0.298273	0.5615332	1.1677524	0.0	2.2714028	1.7320411	0.51308167	0.0	0.34220922	0.0	1.1050748	0.0	0.0	0.0	0.0	0.0	0.0	0.68792874	0.4643073	0.14421687	1.3796668	0.0	0.51834565	1.7904972	0.54934853	0.0	0.0	0.0	0.9698043
TCGA-32-2638-01	0.0	1.5742949	0.16150813	0.1465852	0.28201592	1.1980546	1.4743813	0.0	0.0	0.7483435	0.0	0.0	0.0	0.0	0.8862902	0.0	0.0	0.31952095	0.0	0.0	0.0	0.0	1.3663203	0.0	2.6640258	0.0	0.34873706	0.0	0.7448569	0.0	0.0	0.0	1.0986433	0.0	0.0	0.0	2.0987434	0.40856788	0.0	0.7373089	0.6933029	0.0	0.0	0.9884747	0.042299297	0.0	0.0	0.22620527	0.062039513	0.0	0.14002365	0.0	0.0	0.0	0.0	0.8466331	0.023768108	0.30230823	2.023963	0.0	0.0	0.41984308	0.0	0.90285397
TCGA-32-4213-01	0.7706373	0.8119798	0.0	0.0	1.07831	0.1921266	0.03476722	0.3009234	0.77984333	0.28569728	0.0	0.47009417	0.0	1.1800567	0.0	0.0	0.0	0.6431921	0.0	0.025849715	0.0	0.0	0.0	0.12077169	2.0437474	0.0	0.0	0.0	1.4817982	0.0	1.3907236	0.31470734	1.5210882	1.8432293	0.0	0.0	0.0	0.21058854	0.0	1.6458998	0.0	0.0	0.0	0.60943687	0.0	0.0	0.20762919	0.21042357	0.0	0.0	0.0	0.0	0.0	0.31366524	0.0	0.0	0.0	0.56503063	0.25898072	0.3159319	0.0	0.0	0.0	1.4425415
TCGA-32-5222-01	1.5984085	0.910661	0.42267635	0.94729435	0.0	0.0	0.68573695	0.693308	0.9990785	0.12659852	0.0	0.2566394	0.8330253	0.742078	0.5050924	0.0	0.0	0.7349352	0.0	0.34338942	0.0	0.0	0.68449986	0.21939981	0.0	1.1324893	1.7414988	1.8243862	0.0	0.0	1.1099461	0.0	0.0	0.9033216	0.0	1.7697332	0.7792463	0.0	0.0	0.069496416	0.0	0.0	0.0	0.43579775	0.65453666	0.0	1.0743661	0.0	1.6619102	0.45487708	0.0	0.0	0.0	1.2734381	0.0	0.26602823	0.8978704	0.0	0.11527371	0.0	0.3377931	0.0	0.0	0.6887149
TCGA-41-2571-01	1.5991119	0.9522049	0.0	0.91901904	0.0	0.93548185	0.0	0.94442064	1.7272877	0.0	0.0	0.79308647	0.38098893	0.0	1.6819073	0.0	0.0	0.0	0.0	0.0	1.2452158	0.0	0.0	0.0	0.59984386	0.0	2.0418956	0.0	0.43483406	1.0444335	0.0	0.0	0.0	0.0	0.55694234	1.1118194	2.2027373	0.6309843	1.7782873	0.15366623	0.62417966	0.0	0.0	0.0	0.0	0.0	0.0	0.0	1.3551213	0.0	0.4369401	0.0	0.0	0.0	0.0	0.3827938	1.8589666	0.0	1.3385442	0.0	0.48767897	0.0	0.14384401	0.5568175
TCGA-41-2572-01	0.02515617	2.0171075	0.0	1.4569366	0.0	0.32569128	1.8238367	0.23099984	0.104202494	0.0	0.0	0.0	0.0	0.0	1.6639954	0.0	0.0	0.12341338	0.0	0.0	0.0	0.0	2.0539997	0.023218278	1.3034656	0.45680755	1.2191807	0.0	1.0731028	0.0	0.0	0.17377746	0.42859915	0.0	0.6391305	0.070917144	1.9287759	0.0	0.0	0.7841966	1.8223798	0.0	0.0	0.81421274	0.976523	0.0	0.0	0.0	0.51613533	0.0	0.61215794	0.14655468	0.0	0.0	0.0	0.21768525	0.047422267	0.0	1.8776692	0.0	0.0	0.95456773	0.40935403	0.83092797
TCGA-41-3915-01	0.0	0.5919577	0.4872379	0.91649073	0.0	0.0	0.0	0.0	0.8816742	0.0	0.1637098	0.118616246	0.0	0.0	1.3474171	0.085908666	0.20557767	0.0	0.0	0.0	0.0	0.0	1.1904049	0.0	1.1948642	0.78818697	0.0	0.0	0.42463043	0.47422203	0.74161875	1.4007092	1.5039642	1.0424385	0.0	0.080705434	0.46919155	0.0	0.24742153	1.9843946	0.0	0.0	0.0	1.7492237	0.0	0.0	0.15442313	0.0	0.0	0.0	0.0	0.0	0.0	0.4040863	0.0	1.3371722	0.61284655	0.0	0.38527092	0.6090776	0.0	0.2998627	0.0	1.7373683
TCGA-41-4097-01	0.0	0.0	0.118202746	1.3630576	0.0	0.46325305	0.30737895	0.0	0.17146428	0.0	0.0	0.0	0.0	0.6989945	0.6715923	0.0	0.0	0.0	0.0	0.0	0.0	0.0	0.08683026	0.0	0.6479169	1.1686147	0.0	0.0	0.0	0.10953517	0.3263504	0.7572884	0.15877049	0.43495685	0.0	0.5230478	0.0	0.0	0.0	1.8349159	0.0	0.0	0.0	1.0575724	0.29386878	0.0	0.6861367	0.0	0.66488045	0.807185	0.0	0.0	0.04671806	0.0	0.0	1.9830072	2.329565	0.41331622	0.29576108	0.0	0.5884767	1.3477296	0.0	1.3571367
TCGA-41-5651-01	0.09524555	0.0	0.0	0.0	0.9484333	1.3540792	0.0	2.1249268	0.0	0.0	0.0	0.0	0.0	1.0124629	0.045415964	0.0	0.0	0.6369131	0.0	0.74194646	0.73475814	0.0	0.0	0.35617268	1.469768	0.0	0.0	0.0	0.0	0.027838081	1.1248183	0.09672499	1.712732	1.3691099	0.02879025	0.5645781	1.132563	0.69985515	0.0	0.48938647	0.29717964	0.08633269	0.0	0.13384767	0.0	0.0	0.0	0.0	0.0	0.5458743	0.0	0.10619593	0.8290414	0.46444377	0.11802838	0.044886436	0.0	0.0	2.6136384	0.0	0.0	0.0	0.0	2.019672
TCGA-76-4925-01	0.0	1.5787787	0.0	0.0	0.0	0.23256314	0.0	0.06241611	0.6312438	0.0	0.0	0.29302654	0.0	0.11984042	1.4826279	0.0	0.0	1.2058845	0.0	0.0	0.715575	0.0	0.0	0.0	0.085580446	0.1108971	0.16820133	0.0	0.0	0.0	0.82743883	0.0	2.4319606	0.9374546	0.59769756	0.93016404	1.344734	0.3276549	0.27574056	0.0	0.0	0.0	0.0	0.70397294	0.82082856	0.0	0.57091206	0.0	0.36363825	0.0	0.0	0.0	0.0	1.4876404	0.4416217	0.60736847	1.7333782	0.0	0.92518675	0.0	0.0	0.0020753783	0.0	1.508951
TCGA-76-4926-01	0.0	1.617898	0.14563759	0.0	0.045568228	0.0	0.28220078	0.0	0.0	1.1818525	0.0	0.0	0.26280275	0.0	1.471947	0.13029122	0.0	0.0	0.0	0.0	0.0081571415	0.0	1.5364283	0.15425824	1.6564181	0.0	1.7762136	0.0	0.0	0.0	0.0	0.31702766	2.1654935	0.4696092	0.9984845	0.5987107	2.1769273	1.1713192	0.0	1.2415372	1.2955176	0.0	0.4831921	1.4492828	0.7672031	0.0	0.9655017	0.05279155	0.75220084	0.0	0.7848344	0.0	0.0	0.0	0.0	0.6069306	1.2623289	0.0	0.38554853	0.20635921	0.0	0.0	0.6176418	0.42760345
TCGA-76-4928-01	0.13929668	1.8327279	0.0	0.0	0.0	0.6326696	0.30418923	0.58221596	1.0958323	0.1778075	0.0	0.0	0.0	0.43028894	2.023267	0.0	0.0	0.0	0.0	0.0	0.6035901	0.0	1.304399	0.050904837	2.00304	0.0	1.1956933	0.0	0.18784854	0.0	0.0	0.27680758	1.610506	0.0	0.0	0.0	1.5421691	0.13078102	0.0	1.2494144	1.0331726	0.0	0.0	0.6825796	0.5817643	0.0	0.0	0.0	0.41237158	0.0	0.0	0.0	0.0	0.0	0.0	0.0	0.4987082	0.0	2.5102904	0.0	0.0	0.8300865	0.12934947	1.9883511
TCGA-76-4929-01	0.0	0.0	0.0	0.09695698	0.0	0.0	0.0	1.2107114	0.32837027	0.0	1.3159713	0.92492604	0.057925727	0.0	1.929451	0.0	0.0	0.0	0.0	0.0	0.41181752	0.0	0.0	0.0	0.0	0.0	0.39380068	0.070864365	0.0	0.0	0.984575	0.0	1.4234799	1.7567858	0.7394653	0.07878417	1.4334009	0.070525415	1.4098883	0.7673755	1.4959645	0.0	0.0	0.24906433	0.7866118	0.0	2.1700017	0.0	0.42571762	0.0	0.29447934	0.0	0.0	0.0	0.0	0.0	1.46877	0.0	0.2878797	0.0	0.89438874	0.0	0.0	1.7950573
TCGA-76-4931-01	0.0	0.2856678	0.0	0.68609416	1.4348189	0.414533	1.0713285	0.0	1.5944021	0.0	0.0	0.5454513	0.0	1.0661881	1.0075547	0.20345655	0.6107331	0.5888182	0.0	0.0	0.0	0.51632106	1.6140712	0.9623302	1.1452252	0.0	1.4007834	0.0	0.33674964	1.6186876	0.0	0.5885874	0.5074141	0.66301745	0.91162217	0.99379057	0.8308127	1.4055275	0.0	0.029124305	1.6650705	0.29508552	0.48703787	1.9318405	0.0	0.0	0.4837072	0.0	0.10685165	0.0	0.0	0.0	0.0	0.0	0.0	0.06462858	0.6877077	0.17638004	0.2767669	0.24360633	0.0	0.0	0.0	1.6481616
