	0	1	2	3	4	5	6	7	8	9	10	11	12	13	14	15	16	17	18	19	20	21	22	23	24	25	26	27	28	29	30	31	32	33	34	35	36	37	38	39	40	41	42	43	44	45	46	47
TCGA-27-1832-01	0.0	0.6048186	0.03487352	0.0	1.5832206	0.0	0.8337247	0.5347853	0.0	0.0	0.0	1.6646543	0.0	0.42112938	0.0	0.0	1.0415186	1.3320513	0.0	0.31410488	0.6385105	0.3014479	0.0	0.0	0.13996916	0.0	0.0	0.5213164	0.0	1.3048536	0.5077564	0.0	0.17633626	0.0	0.0	0.77096283	0.8619771	0.20506786	0.79403806	0.0	0.88280815	0.30878925	0.03847856	0.0	0.0	0.0	0.18673061	0.32024103
TCGA-27-1831-01	0.0	0.0	0.914953	0.0	0.50115067	0.0	0.53962225	0.2540457	0.0	0.32634145	0.0	0.42992896	0.0	0.16400991	0.0	0.0	0.55121654	0.37975985	0.57946616	0.0	0.21938854	0.0	1.2870541	0.0	0.2847221	0.7987278	0.0	0.0	0.31067282	0.69490063	0.4046358	0.0	0.26508045	0.12711996	1.054048	0.0	0.985857	1.2597917	0.60936785	0.7384254	0.0	0.28871173	0.24836874	0.34741643	0.0	0.0	0.8295646	0.0
TCGA-28-5216-01	0.84895056	0.0	0.0	0.0	0.054217257	0.0	0.0	0.0	0.99819887	0.0	0.0	0.0	0.0	0.72582954	0.0	0.042953387	0.12825012	0.0	0.08324871	1.0561897	0.62753636	0.0	0.0	0.0	0.0	0.6293367	0.0	0.0	0.30237424	0.9516485	0.5082116	0.43414834	0.5531505	0.0	0.0	0.93205696	0.37822738	0.3913647	0.0	0.0	0.0	0.0	0.5381605	0.019011348	1.0507174	0.0	1.069983	0.0
TCGA-16-0846-01	0.0	1.6102405	0.27974328	0.0	0.0	0.0	0.0	0.0	0.0	0.0	0.0	0.0	0.0	0.38359872	0.0	0.43562695	1.0167038	0.162401	0.8375966	1.3575515	0.050624285	0.0	0.0	0.7625828	0.76485115	0.019908598	0.35680798	0.0	0.1719359	0.0	0.0	0.0	0.0	0.0	0.0	0.0	0.5301031	0.15880764	0.8231964	0.9959099	0.0	0.0	0.0	0.3452706	0.65562284	0.0	0.46560678	0.0
TCGA-28-5218-01	0.5237795	1.905272	1.0161812	0.750367	0.0031521337	0.0	0.57485884	0.0	0.0	0.0	0.0	0.0	0.78315383	0.65373415	0.0	0.0	1.3054599	0.0	1.3226978	1.5056783	0.61739075	0.0	0.19106592	0.8568914	0.4589808	0.36224732	0.92258966	0.12335552	0.0	0.9608598	0.0	0.0	0.024648497	0.0	0.0	0.0	0.6731729	0.6859883	0.0	0.0	0.0	0.0	0.0	0.5292404	0.0	0.0	0.0	0.0
TCGA-06-0238-01	0.0	0.0	0.0	0.0	0.46668687	0.0	0.2517719	0.82591677	0.0	0.0	0.17813742	0.0	0.0	0.011290496	0.0	0.0	0.5363735	0.0	0.0	0.15739782	0.2927781	0.42236155	0.03775931	0.0	0.0	0.0	0.0	0.24427286	0.08712725	0.0	0.0	0.060557272	0.8859788	0.02836362	0.5387157	0.181151	1.0013533	0.19643766	0.5659261	0.0	0.4574379	0.2482265	0.0	0.0	0.0	0.6365516	0.0	0.0
TCGA-06-0125-01	0.0	0.43514568	0.8031935	0.0	0.19276713	0.32604083	0.72265714	0.36695415	0.0	0.33492443	0.0	0.0	0.37638858	0.0	0.23278996	0.18471497	0.21840769	0.17107974	0.0	0.0	0.52827454	0.7915302	0.0	0.752239	0.30906564	0.0	0.15925218	0.0	0.0	0.0	0.16762505	0.0	0.0	0.65186644	0.0	0.0	0.9636827	0.300393	0.3912227	0.0	0.12813832	0.33781007	0.0	0.0	0.0	0.0	0.2720052	0.0
TCGA-06-0219-01	0.0	0.0	0.46485314	0.0	0.0	0.0	0.18273813	0.99615014	0.0	0.0	0.08566045	2.771972	0.0	0.0	0.0	2.660115	1.130891	0.0	0.23144583	0.0	0.0	0.0	2.052229	0.0	0.0	0.9952583	0.0	0.5072442	1.7654027	1.8427728	2.9604833	0.6303307	1.7096739	0.0	0.53690016	0.0	0.0	0.10945688	0.37271106	0.47050333	0.0	0.0	0.0	1.5464184	0.0	1.1463287	1.8600683	0.0
TCGA-06-0174-01	0.19973706	0.0	0.24152525	0.0	0.0	0.037607297	0.1454066	0.49441877	0.0	0.24213327	0.0	0.71480864	0.0	0.0	0.0	0.18160006	0.0	0.0	0.0	0.0021636856	0.0	0.0	0.0	0.057000145	0.0	0.42337477	0.0	0.0	0.19908102	0.06874963	0.5120727	0.0	0.47160488	0.5642197	0.5141386	0.0	0.87653524	0.0	0.8247652	0.0	0.0	0.0	0.0	0.0	0.0	0.69038546	0.0	0.15538281
TCGA-28-1747-01	0.0	0.2069272	0.40819305	0.0	0.5181974	0.0	0.20702536	0.36366507	0.0	0.0	0.0	0.8220633	0.23715068	0.19048025	0.114845745	0.0	0.46790987	0.5135038	0.0	0.31092075	0.0	0.893644	0.3148462	0.15994419	0.2700872	0.073100045	0.0	0.19677281	0.0	0.0	0.0	0.0	0.0	0.0	0.5337153	0.0	0.45237535	0.20979999	0.0	0.0937778	1.1828771	0.3836651	0.092487276	0.0	0.0	0.22267298	0.025129508	0.79194355
TCGA-12-0616-01	0.0	0.0	0.0	0.0	1.1479076	0.0	0.20701075	0.0	0.0	0.108261146	0.8734917	1.2501864	0.0	0.0	1.1744776	0.07409652	1.238084	1.6556901	0.0	1.6063615	0.0	0.7004639	0.90869296	0.0	0.0	0.0	0.0	2.4648995	0.37772864	0.0	1.0784651	0.0	1.9037491	0.1720383	0.48734963	0.0	0.09268696	0.0	0.44931993	0.0	0.0	0.0	0.0	0.0	0.0	0.76374567	0.109058715	0.569197
TCGA-06-5415-01	0.0	0.0	0.0	0.0	0.57778144	0.0	0.9348003	0.06744087	0.0	0.0	0.18734358	0.44823268	0.0	0.0	0.7006758	0.0	0.3922117	0.13767701	0.21271607	0.20772648	1.1671396	0.46314594	0.0	0.8404255	0.0	0.0	0.455772	0.0	0.6456507	0.0	0.23725767	0.23596567	0.44379807	0.0	0.42598334	0.0	0.769216	0.0	1.0069964	0.0	0.0	0.3817761	0.0	0.0	0.033282626	0.3487539	0.0	0.0
TCGA-06-5411-01	0.0	0.0	0.0	0.4562449	0.0	0.0	0.0	0.0	0.53913456	0.0	0.0	0.048913367	0.0	0.6664247	0.12929103	0.0	0.0	0.0	0.0	0.0	0.4133823	0.0	0.0	0.2989093	0.0	0.7292653	0.033997532	0.0	0.14164257	0.0	0.45326042	0.53889763	0.70528674	0.0	0.0	0.0	0.0	0.38195595	0.0	0.0	0.0	0.229854	0.23885381	0.10407692	0.37585863	0.0	0.0	0.0
TCGA-06-0211-01	0.0	0.1451462	0.6159539	0.0	0.011708628	0.04219198	0.7078473	0.03312795	0.0	0.0	0.12272598	0.020946613	0.2769063	0.0	0.0	0.0	0.37250608	0.5088904	0.0	0.0	0.1299421	0.6018883	0.06945727	0.88445103	0.632399	0.0	0.0	0.0	0.37750128	0.0	0.027256249	0.0	0.0	0.56941575	0.0	0.0	0.8116786	0.0	0.55068535	0.19027454	0.2849972	0.75266397	0.0	0.0	0.0	0.06773935	0.14507243	0.2813262
TCGA-19-1787-01	0.0	1.1730399	0.5372892	1.0503235	0.05639258	0.0	0.40456012	0.5235649	0.0	0.13498032	0.0	0.0	0.0	1.5460968	0.0	0.0	0.34927452	0.0	0.7339802	1.9935417	0.6221648	0.0	0.0	0.0	0.18082772	0.0	1.1310432	0.4318969	0.0	2.3013904	0.0	0.41535908	0.7353356	0.9401908	0.0	0.37994865	0.840755	0.6026978	0.0	0.9070779	0.543034	0.5315843	1.4947915	0.0	0.0	0.0	0.14621948	0.21858011
TCGA-27-1835-01	0.0	0.0	0.67051727	0.0	0.14239801	0.0	0.2425511	0.45907405	0.0	0.6742007	0.86495805	1.018913	0.0	0.0	0.77401346	0.059791736	0.61420536	0.0	0.0	0.0	0.0	0.0	1.308926	1.4454839	0.0	0.60793525	0.0	0.0	0.0	0.0	0.0	0.0	0.77953225	0.0	0.79114115	0.15052098	0.5494853	0.64664036	0.22758527	0.0	0.0	0.0	0.64065015	0.75139505	0.0	1.0004807	0.20129731	0.3701762
TCGA-28-5213-01	0.0	0.0	0.07710151	0.0	0.745112	0.0	1.0221037	0.3207746	0.7225695	0.0029379756	0.0	1.3101437	0.17776448	0.1008523	0.65375715	0.0	1.4446429	1.0394531	0.5163777	0.0	0.014121508	0.0	1.1505259	0.0	0.0	0.15073487	0.0	0.18704113	0.0	0.44783375	0.872413	0.0	0.2459599	0.0	0.10198013	0.07093837	0.06619078	0.4769963	0.55161715	0.1828792	0.0	0.3250021	0.0	0.97597235	0.1730206	0.20478989	1.0939538	0.0
TCGA-06-2561-01	0.0	0.0	0.15076557	0.0	0.9720938	0.0	0.26221594	1.034221	0.0	0.0	0.0	0.5826475	0.0	0.012546756	0.0	0.0	0.8803371	0.0	0.48562637	0.0	0.0	0.50259095	0.9694187	0.0	0.0	0.0	0.0	0.30532616	0.3764475	0.5622267	0.4706951	1.017947	1.0849211	0.0	1.332954	0.0	0.24905172	0.078308076	0.0	0.18050255	0.0	0.0	0.0	0.34884736	0.3504002	0.0	0.0	0.0
TCGA-14-2554-01	0.0	0.0	0.0	0.0	0.49125427	0.28167644	0.5449864	0.92381775	0.0	0.3391539	0.18918465	0.0	0.0	0.23467787	0.0	0.2336371	0.0	0.17804083	0.43837994	0.011039681	0.32119146	0.0	0.6632483	0.2851198	0.27429646	0.0	0.19341552	0.0	0.78147393	0.18525784	0.0	0.0	0.0	0.7810978	0.32944587	0.37579313	1.1589675	0.16628924	1.4106278	0.5698824	0.0	0.7767479	0.23861575	0.12483187	0.1637772	0.0	0.73295397	0.0
TCGA-06-2563-01	0.0	0.51695985	1.2742703	0.0	0.0	0.4510874	0.53799784	0.0	0.0	0.08374997	0.0	0.02303025	0.0	0.0	0.0	0.65248954	0.87770134	0.49077675	0.44234735	0.0	0.5427902	0.42458132	0.0	0.7247382	0.59027547	0.0	0.0	0.0	0.10048979	0.0	0.63169277	0.0	0.0	0.26943302	0.20091176	0.0	1.2770948	0.0	0.60943496	0.5018751	0.0	0.4114082	0.0	0.0	0.0	0.0	0.21708456	0.0
TCGA-41-3915-01	0.0	0.0	1.0289594	0.19937485	0.0	0.0	0.0	0.0	0.13164279	0.0	0.0	0.0	0.40655214	0.9014214	0.0	0.0	0.23260656	0.0	0.025404071	0.7452419	0.0	0.0	0.0	0.0	0.0	0.0	0.35009006	0.044758946	0.0	1.0514909	0.0	0.0	0.62328863	0.0	0.0	0.9173113	0.0	1.0674078	0.5403822	0.18723169	0.0	0.21757454	0.2966438	0.563531	0.74185133	0.0	0.67866486	0.05169654
TCGA-06-5412-01	0.0	0.0	0.14651771	0.23327065	0.4798919	0.0	0.36734918	0.0	0.0	0.0	0.0	0.7389464	0.0	0.0	0.006690489	0.0	0.5979793	0.0	0.2742539	0.0	0.0	0.0056468826	0.52178633	0.0	0.062064167	0.40308833	0.0	0.0	0.0	0.32085863	0.61703515	0.0	0.7160819	0.0	0.22382827	0.0	0.76334006	0.57773036	0.28761536	0.10958053	0.0	0.39567992	0.0	0.0	0.0031584848	0.0	0.5322536	0.0
TCGA-26-5135-01	0.0	0.2248076	0.49013022	0.0	0.41271687	0.0	0.20383492	0.0	0.1967368	0.0	0.32758856	0.5558494	0.2597203	0.0	0.2631411	0.0	0.08898257	0.116575494	0.0	0.7271562	0.0	0.35459524	0.078927636	0.1820697	0.0	0.6436937	0.1629743	0.0	0.0	0.0	0.842262	0.0	0.44296905	0.0	0.058472354	0.0	0.13341697	0.0	0.0	0.0	0.20026675	0.37864715	0.0	0.16773136	0.0	0.35359994	0.44402105	0.0
TCGA-16-1045-01	0.44364518	0.0	1.3584977	0.0	0.7043817	0.06071817	0.49600053	0.010511272	0.0	0.0	0.0	0.2198178	0.0	0.0	0.0	0.0	0.39703795	0.0	0.43989626	0.0	0.0	0.0	0.5501735	0.0	0.09580617	0.0	0.7160128	0.7364784	0.0	1.198189	0.29201537	0.0	0.23689093	0.0	0.28701794	0.14889781	0.0	0.29131395	1.5339935	0.7743954	0.0	0.0	0.0	0.17263857	0.0	0.0	0.5895207	0.0
TCGA-06-0141-01	0.0	0.0	0.30876952	0.19368379	1.4539503	0.0	1.049158	1.6284602	0.0	0.35276318	0.0	0.9697602	0.0	0.0	0.111036	0.66394573	1.1812649	0.5849542	0.8780213	0.0	0.0	0.07681799	0.105547905	0.0	0.0	0.0	0.0	0.45944333	0.0	0.844755	0.79414433	0.19708651	0.036111135	0.0	0.45595542	0.0	0.87132233	0.43669885	0.19831978	0.7081741	0.0	0.17598659	0.0	0.0	0.0	0.0	0.7511895	0.0
TCGA-06-2557-01	1.127635	1.2050077	1.0727314	0.0	0.23224589	0.0	0.83028007	1.3606355	0.0	0.0	0.0	0.0	0.02045399	0.385764	0.0	0.0	1.1250048	0.6951648	0.0	1.0413014	0.0	2.2823243	0.592623	0.0	0.60130674	0.0	0.0	0.0	0.0	0.9900736	0.0	0.0	0.519095	1.1287626	0.0	0.0071601886	0.96838444	1.4996406	0.36890787	2.3848364	0.99813193	0.0	0.0	0.0	0.43584508	0.0	0.9276229	0.0
TCGA-06-0157-01	0.0	0.0	0.283322	0.0	0.04238607	0.0	0.85402244	0.46551728	0.0	0.0	0.0	0.47670233	0.0	0.27510378	0.17708243	0.07323365	0.43070558	0.14444901	0.0	0.0	0.6683762	0.6719257	0.0	0.52336246	0.22578561	0.0	0.0	0.0	0.05412157	0.0	0.0	0.0	0.81434506	0.06063638	0.4606399	0.0	0.6433934	0.0	0.22333664	0.103371404	0.29371893	0.3517026	0.4152072	0.0	0.0	0.12947111	0.2898105	0.14891984
TCGA-28-1753-01	0.0	0.46350256	0.774236	0.20193198	0.19076109	0.08545474	0.27052322	0.51067156	0.0	0.0	0.029527696	0.04160101	0.53635645	0.7064171	0.0	0.0	0.6190642	0.0	0.0	0.08368191	0.18517025	0.93009144	0.0	0.0	0.17756076	0.18324088	0.34587893	0.0	0.0	0.0	0.0	0.0010408115	0.336425	0.1719147	0.2851623	0.0	0.87527984	0.73684007	0.0	0.0	0.79796106	0.27508634	0.075225644	0.0	0.0	0.0	0.029156512	0.124762826
TCGA-26-5139-01	0.0	0.23179287	0.09083062	0.15663877	0.52715343	0.28218803	0.4502406	0.0	0.0	0.0	0.28789344	0.20167707	0.084156744	0.15223685	0.0013885793	0.275337	0.06899502	0.0	0.0018143337	0.0	0.27384686	0.67534167	0.0	0.21329021	0.26640794	0.08136912	0.22649398	0.0	0.054072212	0.0	0.0	0.0	0.3198319	0.116992444	0.5652749	0.0	0.5787593	0.20392457	0.73190314	0.0	0.0	0.12821294	0.0	0.0	0.0	0.0	0.0	0.09535285
TCGA-26-5136-01	0.9957851	0.32301235	0.049437046	0.64352274	0.5679265	0.0	1.0280226	0.0	0.07389976	0.0	0.0	0.0	0.63199174	0.66683006	0.14476444	0.0	0.30589107	0.0	0.0	0.3152753	0.59212613	0.122351795	0.08443739	0.0	0.1399802	0.0	0.0	0.0	0.0	0.826242	0.0	0.0	0.020806871	0.0	0.0	0.0	0.0	0.29384646	0.0	0.24222426	0.014606218	0.0	0.25504535	0.0	0.0	0.0	0.0	0.42003196
TCGA-28-2509-01	0.0	0.0	0.0	0.0	1.9199789	0.0	0.30033237	1.8423051	0.0	0.0	0.0	0.0	0.0	0.0	0.0	0.44059885	0.9740737	0.5969498	0.0	1.5830061	0.0	1.3209319	0.0	0.0	0.0	0.0	0.0	0.54167616	3.1031032	0.19686829	1.6576203	0.0	2.8318417	0.17353456	0.3491161	1.623835	2.0609672	0.0	0.49660602	2.8491082	0.0	0.0	0.0	0.0	0.0	0.0	0.0	0.8802583
TCGA-06-0168-01	0.0	0.0	0.4943771	0.0	0.0	0.0	0.6682217	1.3479059	0.0	0.0	0.0	1.301292	0.9436372	1.2124035	0.0	1.0667247	1.0741029	0.0	0.0	0.45409334	0.7876137	0.0	0.0	0.0	0.0	0.0	0.0	0.3776147	0.0737554	0.93670976	0.0	0.6764646	0.74705726	0.0	0.0	1.1128498	0.50565916	0.42116657	0.49608526	0.0	0.46148512	0.28138402	0.12323883	0.61569965	0.5433491	0.0	0.22519107	0.0
TCGA-76-4928-01	0.0	0.0	0.1021786	0.0	1.1981184	0.0	0.430678	0.40063867	0.0	0.017330527	0.076415285	0.9386089	0.0	0.0	0.0	0.07801093	0.8313617	0.50159514	0.0	0.0	0.15269917	0.13204883	0.0	0.0	0.0	0.13279152	0.0	0.4242113	0.519794	0.0	1.2643659	0.014570481	0.48254845	0.0	0.93854976	0.10891294	0.910393	0.31624648	0.76431334	0.0	0.0	0.0	0.0	0.4436357	0.20408498	0.08681782	0.63995373	0.0
TCGA-32-5222-01	0.0	0.0	0.0	0.0	0.840843	0.7914641	0.68911743	0.34909022	0.0	0.16628988	0.0	0.08245709	0.0	0.0	0.0	0.34720305	0.64027566	0.56948644	0.0	0.0	0.5157679	0.0	0.08647629	0.0	0.83585304	0.0	0.0	0.0	0.41741124	0.0	0.11597899	0.0	0.6456902	0.8991089	0.20177558	0.2916525	1.1147242	0.0	0.8462724	0.73123103	0.0	0.0	0.0	0.0	0.118706405	0.0	0.759385	0.0
TCGA-06-2567-01	0.0	0.7700679	0.28743994	0.0	0.33111465	0.0	0.16406631	0.8338138	0.033000495	0.050183028	0.0	1.807154	0.3665026	0.35383686	0.330316	0.5566904	1.0056933	0.5341633	0.0	0.41170892	0.42117968	0.4345304	0.0	0.0	0.0	0.5639665	0.0	0.08867467	0.0	0.2690698	0.0	0.0	0.0	0.0	0.0	0.14808224	0.007438052	0.7871665	0.10906717	0.0	0.7873158	0.0	0.39712912	0.52628535	0.0	0.0	0.0	0.0
TCGA-27-2526-01	0.0	0.0	0.0	0.0	0.3196066	0.074912176	0.509037	0.0	0.0	0.0	0.0	1.165436	0.0	0.0	0.2854877	0.0	0.26341856	1.263046	0.0	0.0	0.0	0.0	0.91086835	0.050033577	0.0	1.1477643	0.0	0.0	0.044796806	0.38767058	0.8274614	0.0	1.39975	0.0	0.19987865	0.0	0.14247407	0.019666607	1.0081338	0.0	0.0	0.08878753	0.0	1.0777843	0.09434788	1.1924292	0.4889159	0.0
TCGA-28-2513-01	0.0	0.0	0.0	0.0	1.5231751	0.0	0.324067	0.7997017	0.0	0.0	0.041790437	0.41537717	0.0	0.0	0.0	0.0	0.0	1.1317424	0.32620862	0.0	0.4001092	0.4563343	0.07761668	0.12316557	0.6602533	0.0	0.0	0.0	0.07926946	0.0	0.32528532	0.0	0.34244138	0.14111122	0.026454609	0.03683193	0.93779254	0.24667874	1.2339487	0.09492342	0.0	0.5469696	0.0	0.0	0.0	0.0	0.76036584	0.0
TCGA-32-2615-01	0.0	0.0	0.50833184	0.0	0.0	0.0	0.0	0.21734643	0.88495904	0.71129364	0.0	0.16629693	0.0	0.47412556	0.15959992	0.30831072	0.0	0.0	0.0	0.6380015	0.0	0.0	0.65746605	0.10875336	0.0	0.38425317	0.451229	0.0	0.0	0.8339092	0.9176433	0.8256728	0.36229193	0.0	0.0	0.431927	0.0	0.3526705	0.0	0.0	0.0	0.08051343	1.6755174	1.10602	0.9881437	0.66886455	0.11171637	0.0
TCGA-27-1834-01	0.23855112	0.0	0.7090311	0.0	0.5430544	0.0	0.2550353	0.0	0.0	0.0	0.0	0.5487896	2.0248766	0.0	0.0	1.5355192	1.4362293	0.0	0.0	0.0	0.0	0.0	2.2459042	0.0	0.39138302	0.0	0.28492588	0.0	0.94292617	0.20071763	0.0	0.0	0.24718256	0.0	0.0	0.0	0.0	1.0389593	1.5503694	0.39441234	0.0	0.0	0.0	0.51253563	1.3131409	0.15803736	1.6048969	0.0
TCGA-14-0787-01	0.57506627	0.17074655	0.21043324	0.0	0.0	0.0	1.1031108	0.81858695	0.0	0.0	0.0	0.8977031	0.35193482	0.5822193	0.0	0.72587866	0.64786696	0.33031815	0.0	0.0	0.0	0.358848	0.46306005	0.29621404	0.24009602	0.88923067	0.0	0.0	0.61065763	0.0	0.0	0.0	0.0	0.0	0.050628874	0.0	0.13756667	0.0	0.097192116	0.01690452	0.0	0.2516614	0.0	0.0	0.022613792	0.0	0.026611008	0.0
TCGA-06-5418-01	0.0	0.0	0.0	0.0	0.74052906	0.0	0.24598582	0.61909854	0.6483489	0.31687987	0.0	1.352434	0.10352611	0.0	0.18652429	1.059321	0.30601847	0.017654419	0.31066766	0.22240306	0.0	0.0	0.40430984	0.0	0.0	0.6317226	0.0	0.4966046	0.84846276	0.108289	0.76057595	0.0	0.030537445	0.19920006	0.0	0.17092493	0.066826396	0.8923529	0.002687096	0.07605257	0.0	0.49074665	0.34529254	0.8458083	0.0	0.0	1.055922	0.30064845
TCGA-12-5295-01	9.627065e-05	0.0	0.0	0.7002564	0.9365828	0.0	0.8517832	0.20457055	0.0	0.0	0.7755038	1.757743	0.0	0.26566187	0.64590234	0.8179964	0.0	0.62594473	0.15634857	0.0	0.0	0.0	0.81195056	0.0	0.7478636	0.0	0.0	0.0	0.6450038	0.5990426	1.3587158	0.0	1.7420512	0.0	0.1427936	0.0	0.0	0.48762116	0.4251372	0.0	0.0	0.0	0.0	0.61894053	0.0	0.59520733	0.47699767	0.0
TCGA-12-3650-01	0.0	0.085085385	0.0	0.0	0.0	0.40375572	0.5493122	0.0	0.0	0.0	0.5229702	0.24369429	0.0	0.53378963	0.0	0.0	0.05499865	0.7166626	0.0	0.2614752	0.3903634	0.85495675	0.0	0.0	0.0	0.0	0.0	0.0	0.08494637	0.0	0.69129145	0.18762828	0.30291006	0.0	0.42288586	0.0	0.96255463	0.0	0.6389867	0.0	0.88638633	0.76892716	0.0	0.0	0.0	0.4220552	0.07443329	0.0
TCGA-28-5220-01	0.0	0.20758809	0.16556373	0.0	1.4978236	0.0	0.86691815	0.5228745	0.0	0.20163207	0.0	0.07994718	0.0	0.0	0.0	0.68993723	0.6177257	1.4935335	0.26315227	0.0076134573	0.0	0.92152286	0.832822	0.0	0.24572547	0.0	0.0	0.0	0.0	0.4817491	0.9749682	0.56733173	0.023115713	1.029469	0.0	0.0	0.6095971	0.52189994	0.0	1.6734954	0.040907457	0.0	0.0	0.8802646	0.31297117	0.25271398	1.1889119	0.12029323
TCGA-06-0190-01	0.0	0.0	0.92873245	0.36656114	0.4429183	0.028608881	0.0	0.0	0.029103478	0.24928847	0.0	0.28867048	0.0	0.730866	0.19663657	0.0	0.106694475	0.0	0.0	0.0	0.7023137	0.92414504	0.0	0.0	0.0	0.0	0.0	0.0	0.59813005	0.0	0.28098017	0.1106487	0.98601586	0.0	0.32993653	0.0	2.0128171	0.40974808	0.7537836	0.0	0.0	0.3295668	0.0	0.0	0.0	0.0	0.14829199	0.26422256
TCGA-02-2483-01	0.077336706	0.0	0.0	0.0	0.0	0.97019416	0.23167658	0.0	0.051658828	0.61663	0.50209475	0.56080294	0.0	0.0	0.6873247	0.26766032	0.11616012	0.0691255	0.43372458	0.12218363	0.0	0.0	0.27210185	0.25813705	0.0	0.0	0.100050256	0.2761009	0.22021817	0.30268365	0.79739994	0.0	0.08003128	0.12980855	0.0	0.21582611	0.0	0.0	0.0	0.0	0.0	0.0	0.0	0.0	0.0	0.2313695	0.23192903	0.0
TCGA-14-1825-01	0.0	0.0	0.91101956	0.0	0.89416933	0.24012956	0.82822365	0.21240263	0.41769946	0.0	0.0	0.05578374	0.34998828	0.44801486	0.0	0.0	0.8286683	0.26807085	0.0	0.0	0.0	0.74345237	0.9798089	0.0	0.36006144	1.0243083	0.0	0.0	0.0	0.47029206	0.7686328	0.761814	0.0	0.36097965	0.35798103	0.0	0.15019794	0.0	0.0	0.0	0.38021523	0.32868057	0.25156817	0.0	0.0	0.051164526	0.22195682	0.006945659
TCGA-12-0618-01	0.0	0.9486861	0.0	0.0	0.37907422	0.0	0.5602479	0.009659586	0.3069323	0.0	0.0	0.0	0.3536352	0.9590792	0.0	0.0	0.08686028	0.07207328	0.05542887	1.8468039	0.64998764	0.283681	0.14701779	0.0	0.0	0.5337807	0.0	0.28064892	0.07593164	0.0	0.60134995	0.0	0.2572781	0.0	0.198908	0.6007309	0.5536207	0.44421554	0.969933	0.0	1.1342392	0.0	0.04606263	0.0	0.0	0.0	0.33261263	0.5219479
TCGA-06-5413-01	0.0	0.34840813	0.0	0.0	0.26124078	0.0	0.7661464	1.0120672	0.4544128	0.020421233	0.0	0.4042333	0.12580292	0.3774414	0.24693108	1.0476708	0.37145486	0.7322174	0.27607393	0.0	0.45913267	0.06709635	0.37707865	0.0	0.0	0.3362897	0.0	0.24076025	0.0	0.0	0.14316696	0.0	0.05807639	0.3480395	0.40030307	0.022769293	0.6401094	0.7317162	0.0	0.53173625	0.5404419	0.16677013	0.0	0.2204728	0.0	0.36592227	1.0668137	0.10184365
TCGA-32-2616-01	0.0	0.9523694	0.42684606	0.5784292	0.0	0.0	0.0	1.0209051	0.012963702	0.2042958	0.0	0.0	0.8486343	1.5954953	0.0	0.0	0.68398213	0.0002205078	0.30470335	0.90050083	0.13216276	0.0	0.086468935	0.0	0.0	0.2060765	0.34463453	0.0	0.0	1.1704488	0.0	0.40112644	0.43787676	0.0	0.0	0.15788826	0.8876343	1.0737221	0.2868321	0.24251129	0.47862527	0.0	1.2586414	0.0	0.0	0.0	0.17582193	0.0
TCGA-12-0821-01	0.8932673	0.0	0.0	0.63479364	0.0	0.0	0.45502567	0.19834407	0.4728715	0.19868803	0.0	0.0	0.15790634	0.5815726	0.40173733	0.0	0.04009555	0.9400431	0.0	0.0	0.7843848	0.0	0.8482357	0.5232032	0.0	0.6971228	0.7084373	0.0	0.0	0.6503194	0.0	0.0	0.45698452	0.0	0.0	0.7638691	0.0	0.445145	0.17372301	0.0	0.0	0.36465737	0.0	0.3664585	0.6619106	0.6270587	0.013454235	0.0
TCGA-06-0158-01	0.0	0.015232663	0.5971824	0.0	0.17365476	0.115035094	0.0	0.5311417	0.0015782029	0.0	0.0	0.7103441	0.13129866	0.63077176	0.0	0.0	0.39739832	0.0	0.0	0.18909213	0.964719	1.6079209	0.0	0.66220564	0.0	0.0	0.0	0.0	0.0	0.0	0.0	0.0	1.1897508	0.0	0.14885168	0.0	1.2436376	0.16134359	0.0	0.0	0.060546335	0.10717148	0.48315167	0.0	0.0	0.020319743	0.56994766	0.0
TCGA-12-3653-01	0.0	0.0	1.219275	0.0	2.1968336	0.1756091	0.081903666	0.0	0.0	2.2078733	0.0	2.7748182	0.0	0.0	0.99058896	0.0	0.47702423	0.64889985	0.0	0.0	0.0	0.0	0.38295424	0.0	0.0	0.9909407	0.60458386	0.0	0.6542418	1.1877089	0.89495546	0.0	0.0	0.0	1.448732	0.507877	1.490061	1.0150237	1.9082155	0.7151555	0.0	0.0	0.0	0.5299322	0.0	0.0	1.0297532	0.0
TCGA-27-2523-01	0.0	0.0	0.27599663	0.13000047	0.08036671	0.25449017	0.6358309	0.6813607	0.0	0.6326542	0.028647056	0.25579447	0.0	0.0	0.62216	0.28827518	0.0	0.41114286	0.025156407	0.0	0.5665286	0.0	0.0	0.57732475	0.30578014	0.0	0.0	0.0	0.12546498	0.0	0.4907349	0.0	0.7054653	0.048984822	0.28986967	0.016676478	0.79129654	0.0	0.5998479	0.0	0.0	0.07699602	0.0	0.0	0.0	0.89974827	0.18931921	0.0
TCGA-27-2524-01	0.0	0.0	0.18713099	0.0	0.36282066	0.07315802	0.57439554	0.39210764	0.0	0.0	0.23378664	0.037460666	0.0	0.48149428	0.0	0.19910792	0.0065514236	0.5691471	0.11436446	0.46729672	1.0836406	0.0	0.0	0.0	0.0	0.0	0.0	0.0	0.8573008	0.6613212	1.46238	0.0	0.90544784	0.0	0.5029222	0.9195194	1.7697635	0.0	2.0201426	0.0	0.0	0.59453773	0.0	0.0	0.0	0.0	1.8041109	0.0
TCGA-76-4929-01	0.33052927	0.0	0.0	0.0	0.0	0.0	0.0	0.0	0.3681549	0.0	0.0	1.293271	0.8564482	0.50324154	0.0	2.4792058	1.3319116	0.24732429	0.0	0.0	0.0	0.0	1.611444	0.0	0.0	0.56730837	0.0	0.0	2.1239135	0.0	0.034028135	0.0	0.1193835	0.0	0.0	0.0	0.0	0.39035663	0.20178665	0.0	0.37331566	0.0	0.0	0.09045504	1.2300044	1.0336963	1.3158567	0.25512204
TCGA-14-0817-01	0.0	0.0	0.7898298	0.0	0.0	1.0580741	0.07593366	0.0	0.0	0.0	0.07346665	0.4687873	0.0	0.0	0.67785305	0.0	1.2021147	1.3956925	0.9306678	0.2957499	0.48984116	0.0	0.0	0.7967288	0.0	0.0	0.0	0.40198925	0.0	0.42781472	1.4652717	0.0	0.65714043	0.0	0.0	0.0	0.0	0.0	1.2499927	0.0	0.0	0.0	0.0	0.0	0.0	0.0	0.60462797	0.0
TCGA-26-5134-01	0.35408148	0.0	0.4041887	0.0	0.3186781	0.0	0.65348125	0.73217624	0.0	0.4128681	0.3272689	0.0	0.3134118	0.0043988386	0.52485716	0.0	0.27308142	0.6059105	0.0	0.5184023	0.4326711	0.050940156	0.8473067	0.02829816	0.0	0.0	0.12599544	0.0	0.0	0.0	0.585325	0.0	0.56790036	0.41533762	0.6325296	0.0	0.5084426	0.13303103	0.0	0.8491868	0.0	0.0	0.0	0.3182161	0.0	0.5600216	0.0	0.20528077
TCGA-19-5960-01	2.2819383	0.121246524	0.29061326	0.0	0.54191	0.0	0.51546353	1.0146784	0.5431588	0.09284793	0.0	0.87340176	0.0	0.0	0.0	0.95232284	0.0	0.77328134	1.0667448	0.906465	0.0	0.00030791762	1.9195254	0.0	0.0	0.0	0.0	0.7287748	0.9914387	1.4237249	1.2733352	0.0	0.0	0.26615483	0.9739493	0.8307139	0.0	0.16602264	0.0	0.12518016	0.0	0.0	0.8797627	0.117471024	0.62360406	0.3209463	1.1082244	0.77871674
TCGA-28-5215-01	0.0	0.42852688	0.14495601	0.09525021	0.114720605	0.4747587	0.0	0.0	0.54790735	0.20517476	0.0	0.0	0.0	0.5726178	0.0	0.11076366	0.3658374	0.0	1.2019435	0.50620496	0.0	0.0	0.8345008	0.0	0.0	0.73300976	0.5908629	0.0	0.07578491	0.2141449	0.36018634	0.7508422	0.0	0.0	0.0	0.019875092	0.0	0.22885092	0.0	0.0	0.0	0.0	0.8628572	0.0	0.13125335	0.0	0.75942487	0.0
TCGA-19-2619-01	0.0	0.27570045	1.9446001	0.0	0.07576776	0.0	0.6654063	0.0	0.0	0.0	0.1198538	0.0	0.58124614	0.0	0.2974185	0.0	0.55403775	0.0	0.0	0.9671944	0.3106622	0.028146043	0.464312	1.1083705	0.0	0.8647644	1.4658731	0.0	0.650773	0.0	1.0252326	0.10757905	0.47481757	0.0	0.0	0.0	0.7502744	0.12202035	1.563021	0.0	0.0	0.0	0.0	0.0	0.0	0.0	0.0	0.52357715
TCGA-14-1034-01	0.0	0.6706113	0.41785976	0.06506157	1.5329934	0.0	0.0	0.6173869	0.39304563	0.0	0.0	0.0	0.8228657	1.5786937	0.0	0.47373098	0.34355748	0.34808955	0.0	0.7076479	1.1224262	0.12286731	0.0	0.0	0.2009202	0.0	0.0	0.0	0.38329545	0.0	0.50178486	0.0	0.94396186	0.62539506	0.0	0.0	1.9357826	1.2656747	0.39353833	0.0	0.0	0.3539758	0.0	0.0	0.0	0.0	1.2334431	0.0
TCGA-06-5856-01	0.89406836	0.0	0.0	0.0	1.2984728	0.0	2.792438	2.6257896	0.0	0.14725742	0.0	1.8358346	0.0	0.8896753	0.0	2.9491975	0.80849755	0.6893409	0.0	2.4403422	0.0	0.0	1.7457073	0.0	0.21583587	0.0	2.1183817	1.2693108	1.9615148	2.900011	1.4119916	1.2850586	0.0	1.251069	2.5732512	0.0	0.11213702	0.0	0.0	1.6520897	0.0	0.0	0.0	0.0	0.1701593	0.0	0.0	0.0
TCGA-32-4213-01	0.02503301	0.0	0.0	0.32229316	0.21102817	0.0	0.36122635	0.6981895	0.0	0.2035202	0.0	1.07048	0.6116577	0.1552851	0.47777602	0.0	0.0	0.024493199	0.43100876	0.0	0.52347416	0.27953753	1.0642966	0.0	0.0	0.5895054	0.28313914	0.0	0.0	0.62507826	0.34904507	0.09793282	0.6503881	0.0	0.07325196	0.0	0.0	0.97748893	0.07005469	0.0	0.0	0.22122775	0.0	0.35405198	0.0	0.78509355	0.3507241	0.0
TCGA-06-0646-01	0.0	0.0	0.49506792	0.0	0.22654384	0.0	0.0	1.0257866	0.03225229	0.09628337	0.0	0.31790182	0.0	0.23834787	0.0	0.06966633	0.1464786	0.0	0.114639215	0.23784918	0.0	0.45081717	0.92230153	0.0	0.0	0.26417258	0.0	0.136196	0.0	0.43452707	0.24088533	0.09144835	0.32619447	0.5535544	0.74341595	0.0	0.12869082	0.005792945	0.20954597	0.1480489	0.56437457	0.0	0.0	0.15424208	0.0	0.027504649	0.23004727	0.0
TCGA-19-2620-01	0.0	0.0	0.9087028	0.0	1.1895319	0.0	0.09221748	0.32900327	0.0	0.0	0.245092	0.8726885	0.0	0.3298564	0.388019	0.0	0.0	0.0	0.0	0.078155324	0.57512903	1.1361054	0.20395438	0.27095506	0.0	0.0	0.0	0.0	0.041183442	0.23154928	0.0	0.0	2.0356593	0.0	0.30750546	0.0	1.1816355	0.06336196	0.0	0.0	0.0	1.0838158	0.0	0.071692355	0.0	0.34265837	0.31483606	0.3607305
TCGA-41-4097-01	0.0	0.0	1.7227751	0.5274652	0.40848544	0.0	0.52602226	0.0	0.0	0.0	0.0	0.0	0.10232944	0.12090406	0.4360414	0.0	0.3371503	0.4305337	0.0	0.9049717	0.36289096	0.0	0.33737394	0.050381858	0.0	0.0	1.5493871	0.0	0.0	1.3173732	0.43554574	0.42764568	0.6332108	0.0	0.0	0.13731246	0.0	0.0	0.0	0.0	0.0	0.7954975	0.02373059	0.30721426	0.06807216	0.0	0.0	0.0
TCGA-28-5204-01	0.0	0.0	0.0	0.0	0.6522779	0.0	2.0160303	1.2552768	0.0	0.0	0.57146853	0.0	0.63035125	0.9164898	0.10979795	0.0	0.0	1.2366236	0.0	0.0	0.63652724	0.0	0.7573296	0.0	0.08202722	0.0	0.0	0.0	0.0	0.1814293	1.147113	0.4197112	0.8168101	0.31432432	0.20031475	0.054107983	1.228861	0.17866202	0.8407151	0.40432984	1.005486	0.96725506	0.0	0.17952862	0.3038338	0.0	0.5719924	0.0
TCGA-32-2634-01	0.8619883	0.0	1.1391776	0.0	1.6654392	0.0	0.96916413	0.0	0.0	0.03278234	0.21219067	0.7496989	0.30351588	0.048036486	0.0	0.06310478	0.0	0.6961373	0.28799084	0.0	0.0	0.0	1.8515064	0.0	0.0	0.0	1.8862554	0.72914326	1.0008565	2.9401278	3.4954853	0.7427263	0.14152636	0.0	0.0	0.0	0.0	0.0	1.4665002	0.0	0.0	0.0	0.0872448	0.0	0.51818156	0.0	2.107274	0.0
TCGA-76-4926-01	0.0	0.19608225	0.14919369	0.0	0.29326326	0.0	0.0	0.03093766	0.0	0.0	0.0	0.922815	0.2709161	0.3003061	0.0	0.37486073	0.14526549	0.43978393	0.0	0.0030045304	0.013075114	0.8713742	0.1367491	0.0	0.0	0.57033247	0.0	0.0	0.0	0.0	0.0	0.0	0.18673556	0.0	0.25332066	0.0	0.19532722	0.5063855	0.24644409	0.0	0.4231254	0.0	0.0	0.121482864	0.0	0.0	0.24760918	0.35181123
TCGA-32-1970-01	0.64098775	0.82821614	0.0	0.0	0.0	0.0	0.0	1.8027453	0.0	0.0	0.0	0.5042057	0.28179073	0.0	0.0	1.5948004	0.94067353	0.016616093	0.0	1.8711838	0.7719115	0.0	0.08270412	0.0	0.14703515	0.0	0.031551965	0.43051293	0.6691408	0.3314308	0.15241478	0.0	0.059887927	0.17776585	0.0	1.8005292	1.2974876	0.0	0.6549433	1.3027413	0.0	0.0	0.71443254	0.0	0.0	0.0	0.0	0.36691567
TCGA-15-0742-01	0.71246713	0.21783675	1.3465825	0.11249324	0.0	0.0067915684	1.331195	0.17323342	0.0	0.0	0.0	0.07246481	0.7017575	0.0	0.7000939	0.0	0.9691254	1.046368	0.027268125	0.0	0.087485984	0.56844807	0.11205782	0.9711303	0.29904354	0.0	0.45762616	0.0	0.07850007	0.0	0.0	0.0	0.0	0.0	0.0898101	0.0	0.6135172	0.062672265	0.0	0.021695463	0.0	0.6105406	0.0	0.0	0.0	0.96821797	0.0	0.3094904
TCGA-06-0645-01	0.29191163	0.037706822	0.20501396	0.0	0.31555957	0.06500972	0.73604184	1.238663	0.0	0.21499664	0.0	0.26102942	0.0	0.9410185	0.0	0.4733851	1.2546941	0.14635035	0.0	0.0	0.08374243	0.10893781	0.0	0.0	0.0	0.0	0.0	0.0	1.1199802	0.63577634	0.02720282	0.0	0.0	0.4431539	1.0799948	0.90031886	1.3242586	0.36468667	0.96413696	1.5481365	0.025631575	0.0	0.0	0.0	0.0	0.0	0.0	0.2965004
TCGA-27-2528-01	0.0	0.0	0.6506039	0.41367596	0.4077133	0.44845217	0.8895067	0.0	0.0	0.15304586	0.45551768	0.1613105	0.0	0.0	0.014037791	0.0	0.11980787	0.0	0.38727543	0.0	0.4355517	0.0	0.14450604	0.2815546	0.31228724	0.13080052	0.0	0.0	0.19444928	0.0	0.06467838	0.0	0.89445126	0.0	0.82680076	0.0	0.6173794	0.0	0.8285425	0.0	0.0	0.0	0.049482558	0.0	0.0	0.362023	0.0	0.0
TCGA-14-0789-01	0.0	0.35371816	0.37489074	0.29841748	1.0155821	0.0	0.03624115	0.42693603	0.0	0.0	0.0	0.49917766	0.015481365	0.33924824	0.15970452	0.019211676	0.0	0.19110076	0.0	0.0	0.84069496	0.99392426	0.0	0.3015812	0.0	0.0	0.07206476	0.0	0.0	0.0	0.0	0.0	0.47864255	0.0	0.5259442	0.0	0.80333495	0.61220014	0.8992815	0.0	0.0	0.0	0.0	0.0	0.0	0.0	0.37951243	0.0
TCGA-08-0386-01	0.46052077	0.058021504	0.0	0.07801035	0.0	0.0	0.0881113	0.0	0.0	0.21325701	0.0	0.37851495	0.0	0.6718573	0.3501513	0.31322297	0.28990585	0.076647185	0.0	1.1704222	1.075875	0.0	0.0	0.055368736	0.09253309	0.40913337	0.0	0.0	1.1625825	0.0	0.8513672	0.0	0.0	0.0	0.0	0.05680739	0.0014539845	0.0	1.0160273	0.065795295	0.0	0.0	0.0	0.0	0.080767885	0.0	0.0	0.0
TCGA-76-4931-01	0.0	0.6125182	1.0227876	0.0	0.0	0.0	0.97537994	0.61617416	0.0	0.0	0.0	0.566012	0.38456476	0.14831011	0.0	0.35178682	0.4409265	0.30603337	0.0	0.18524198	0.15545657	0.45136505	0.25296363	0.64311635	0.0	0.76819265	0.3214148	0.0	0.33973867	0.0	0.0	0.0021508157	0.11370436	0.0	0.5199547	0.0	0.39943182	0.0	0.0	0.0	0.0	0.9764027	0.0	0.0	0.050058216	0.18886869	0.0	0.29187343
TCGA-27-1830-01	0.0	0.07139426	0.6727838	0.0	0.8399254	0.42005542	0.9211584	0.0	0.0	0.0	0.0	0.0	0.009585137	0.0	0.14200644	0.0042985743	0.28803	0.3318556	0.010540707	0.002953022	0.43318573	0.0	0.486087	0.5870397	0.2531348	0.0	0.49928904	0.08765833	0.13654298	1.4096205	0.0	0.0	0.37314388	0.0	0.0	0.6597903	0.0	0.7134007	0.45440978	0.38728702	0.0	0.0	0.0	0.0	0.7852527	0.0	0.0	0.0
TCGA-06-0184-01	0.0	0.0	0.0	0.10251286	0.0	0.0	0.07860406	0.0	0.0	0.0	0.0	0.0	0.037705395	0.0	0.15127707	0.0	0.100054346	0.0	0.0	0.0	0.0	0.0	0.28472257	0.0	0.0	0.0	0.1993439	0.0	0.0106268255	0.13975741	0.6045127	0.79314584	0.6790608	0.0	0.0	0.0	0.0590289	0.0	0.06683615	0.0	0.0	0.27873322	0.0	0.0	0.7961702	0.0	0.0	0.0
TCGA-12-3652-01	0.0	0.0	0.0	0.0	0.24211568	0.22797476	0.0	0.0	0.0	0.9072241	0.27033043	1.0874046	0.0	0.0	0.0	0.0	0.0	0.528786	0.0	0.0	0.2325072	0.20088343	0.6011369	0.42188117	0.0	1.022238	0.08257134	0.0	0.23111857	0.25060967	1.6619421	0.0	0.85294676	0.03171129	0.0	0.0	0.69072336	0.058245216	0.29819903	0.0	0.0	0.69140524	0.0	0.09047262	0.0	0.7718769	1.3096242	0.0
TCGA-06-0187-01	0.33741298	0.22163403	0.13725185	0.6418516	0.66232795	0.0	0.0	0.0	0.72288704	0.0	0.0	0.0	0.0	0.4941227	0.2659731	0.0	0.21882844	0.0	0.0	0.8260022	0.7698366	0.41615874	0.0	0.020959646	0.4238695	0.0	0.4454158	0.0	1.2071671	0.0	0.48597488	0.0	0.4210546	0.0	0.0	0.0	0.5496787	0.752552	0.21363708	0.0	0.0	0.0	0.0	0.0	0.0	0.0	0.22957568	0.5520151
TCGA-14-1823-01	0.4088154	0.0	1.8314439	0.0	1.5260544	0.0	0.014083437	1.4653305	0.0	0.56625843	0.0	0.0	0.0	0.423056	0.0	0.0	1.6085771	0.0	0.0	0.0	0.005349584	0.794046	0.0	0.0	0.0	0.0	0.0	0.0	0.3153133	0.024395792	0.0037814102	0.56742376	0.6609296	0.9200812	1.1421412	0.0	3.665	2.096938	2.9297745	2.4081447	0.06485397	0.0	0.0	0.0	0.0	0.0	0.4467709	0.094017714
TCGA-02-2486-01	0.0	0.0	0.2295404	0.47854763	0.9147149	0.0	0.65631646	0.0	0.0	0.0	0.0	0.28808975	1.0897453	0.3264887	0.26208174	0.32510498	0.7403354	0.34837413	0.0	0.0	0.0	0.0	0.9104632	0.0	0.043809127	0.0	0.0	0.0	0.11291451	0.16111729	0.0	0.0	0.40236238	0.0	0.22061586	0.0	0.024278184	1.0794172	0.5747923	0.0	0.44513538	0.0	0.0	1.0002154	0.43306956	0.0	0.07050283	0.0
TCGA-19-1390-01	0.410577	0.0	0.17111407	0.0	0.0	0.0	0.0	0.2275211	0.19158757	0.682779	0.0	0.0	0.0	1.4266062	0.0	0.1525013	0.0	0.0	0.25580868	0.4811093	0.14104289	0.0	0.59915555	0.0	0.0	0.20584416	0.5518088	0.0	1.4656584	0.69897366	0.84943104	0.20395175	0.85862637	0.0	0.30261934	1.0832423	0.0	0.7695556	0.6141687	0.49976125	0.0	0.33480072	1.0995392	0.2634988	0.84964454	0.0	0.22318843	0.0
TCGA-32-1980-01	0.0	0.5112717	0.16699426	0.0	0.71882427	0.0	0.21628574	0.45256492	0.0	0.0	0.0	0.77160925	0.0	0.068255395	0.0	0.6876185	1.3666544	1.1365694	0.23975651	0.40016666	0.052875265	0.5231754	0.0	0.0	0.0	0.36481506	0.0	0.0	0.1097995	0.0	0.8588994	0.02337635	0.19810052	0.0	0.536916	0.0	0.04311672	0.98229975	0.42064765	0.0	0.17897266	0.0	0.0	0.9507144	0.88949746	0.0	0.95855343	0.0
TCGA-06-0747-01	0.3025202	0.0	0.59879375	0.18512802	0.5970076	0.07856427	1.6628321	0.0	0.0	0.2076961	0.39694706	0.35858816	0.029318001	0.0	0.0	0.0	0.0	0.21335503	0.21963122	0.0	0.45803267	0.7842185	0.0	0.23121558	0.67915404	0.0	0.27646518	0.0	0.18465123	0.0	0.0	0.0	0.23974317	0.0	0.5012549	0.004128075	0.65061486	0.0	1.052472	0.0	0.0	0.7319222	0.0	0.0	0.0	0.31063858	0.37273625	0.37736732
TCGA-06-0649-01	0.67631805	0.0	1.251344	0.0	3.0353792	0.0	1.4773052	1.4623508	0.0	0.0	0.0	0.5878836	0.0	0.0	0.0	1.1621336	0.56213456	1.5100274	0.0	0.4563213	0.0	2.0200412	0.46141246	0.0	0.0	0.0	0.0	0.61190027	1.5283848	1.0589932	2.8897612	0.0	2.8121867	0.44485888	2.249052	0.7092046	0.48286146	0.0	2.149775	3.1359527	0.0	0.0	0.0	0.0	2.151278	0.0	0.0	0.0
TCGA-28-5209-01	0.0	0.26106507	0.46385804	0.0	0.48915073	0.34158397	0.7916521	1.0932727	0.0	0.17213173	0.0	0.0	0.2030325	0.5142783	0.29536998	0.0	0.09582852	0.44135895	0.02002928	0.12196458	1.2182155	0.16472626	0.0	0.7540528	0.21699026	0.0	0.46621886	0.0	0.74678135	0.0	0.14116487	0.0	0.08745829	0.774182	0.6060259	0.0	1.8101726	0.16379504	1.1558797	0.25900227	0.0	0.6396336	0.0	0.0	0.0	0.0	0.0	0.0
TCGA-28-5208-01	0.0	0.0	0.25968435	0.0	0.6784644	0.08245549	0.6004201	0.4782188	0.0	0.028093034	0.25101167	0.9185903	0.0	0.0	0.06576987	0.2869691	0.0	0.7968001	0.0	0.0	0.21626535	1.0294725	0.0	0.18828833	0.0	0.15261862	0.0	0.0	0.0	0.0	0.5499949	0.0	0.710567	0.48751432	0.6458062	0.0	0.5737628	0.094991095	0.2957138	0.0	0.0	0.24990492	0.0	0.0	0.0	0.42195967	0.7513376	0.0
TCGA-06-0686-01	0.39150104	0.0	0.0	0.0	0.0	0.21912557	0.19077152	0.0	0.070659	0.0	0.22852401	0.0	0.0	0.0	0.37584904	0.0	0.08962963	0.0	0.23249155	0.4859784	0.0	0.0	0.018661318	0.0	0.0	0.0	0.0	0.8291707	0.0	0.015284466	0.3304668	0.36001194	0.7319984	0.0	0.0	0.0	0.0	0.0	0.0	0.0	0.0	0.15717272	0.0	0.0	0.2840104	0.14783578	0.44798106	0.0
TCGA-28-5207-01	0.48743314	0.0	0.0	0.0	0.0	0.0	0.3400364	0.0	0.051885016	0.07755782	0.0	0.27540767	0.0	0.29342705	0.0	0.38732338	0.21049911	0.21946135	0.23534809	0.67958903	0.83374804	0.0	0.6516501	0.5804309	0.09658487	0.8267285	0.92133176	0.0	0.47856188	0.5957654	0.0	0.17308487	0.0	0.0	0.17474578	0.18838973	0.2090906	0.8675352	0.0	0.033709764	0.0	0.0	0.82128674	0.77965975	1.0444859	0.0	0.1835963	0.0
TCGA-06-2558-01	0.0	0.2111863	0.15581831	0.0	1.0842873	0.0	0.0	0.6093037	0.41155598	0.0	0.0	0.89177287	0.0	0.0	0.731911	0.0	0.5810081	0.19023296	0.026327966	0.8939728	0.05366321	0.4326405	0.0	0.09744706	0.0	0.40559518	0.23751853	0.0037506716	0.0	0.0	0.0	0.0	0.34664285	0.0	0.0	0.0	0.31857497	0.47393176	0.10277207	0.0	0.23220158	0.0	0.0	0.0	0.0	0.0	0.8023871	0.0
TCGA-06-0644-01	0.0	0.0	0.34430122	0.14777763	0.80285907	0.0	0.21866356	1.236227	0.0	0.0	0.0	0.81677127	0.0	0.7108379	0.0	0.0	2.403327	0.029149149	0.0	0.19647095	0.42221215	0.0	0.8301552	0.0	0.0	0.5700975	0.0	0.0	1.4746798	0.3922437	2.2312424	0.0	0.7986488	0.057876248	0.0	0.0	0.8561485	0.0	0.42703214	0.6691135	0.097262986	0.0	0.0	0.0	0.0	0.0	0.7871122	0.0
TCGA-06-2562-01	0.0	0.0	0.4909922	0.0	0.77386427	0.0	0.9870462	1.1544617	0.0	0.0	0.0	0.213208	0.0	0.0	0.032394405	0.8483339	0.51778257	0.19879314	0.007979704	0.0	0.34922343	0.0	0.020806074	0.1402999	0.27343485	0.13002858	0.0	0.0	0.37569073	0.0	0.08509517	0.0	0.23818304	0.0	0.0	0.0	0.630067	0.22358908	0.0	0.108161286	0.0	0.19768494	0.055419378	0.0	0.05104158	0.15653181	0.5171094	0.0
TCGA-06-2570-01	0.8359081	0.3790584	0.0	0.0	0.07228709	0.0	0.61236805	0.0	0.33323383	0.1440284	0.19087233	0.0	0.15902345	0.1927514	0.5857277	0.1431094	0.0	0.0	0.7054696	1.2720368	0.47839862	0.0	0.0	0.0	0.0	0.0	0.05262298	0.87922907	0.0	0.6462294	0.0255453	0.0	0.31579122	0.37015328	0.0	0.0	0.0	0.0	0.0	0.02262229	0.0	0.0	0.48761797	0.84695274	0.0	0.28656366	0.45518902	0.271927
TCGA-06-2559-01	0.0	0.0	0.942128	0.13557269	0.38333616	0.0	0.10906172	0.21402828	0.0	0.3977578	0.0	0.4575676	0.48558763	0.0	0.20297925	0.15453792	0.0	0.0	0.14753897	0.6145474	0.0	0.38390437	0.0	0.0442833	0.0	0.38084626	0.33082977	0.0	0.0	0.0	0.24150844	0.0	0.12801471	0.34530538	0.46989352	0.0	0.57868195	0.47067076	0.29715493	0.0	0.0	0.34571907	0.19537964	0.014882611	0.0	0.07381917	0.6197593	0.02489159
TCGA-26-5132-01	0.0	0.8219083	1.0665977	0.0	0.25443208	0.0	1.125607	0.71985745	0.0	0.0	0.0	0.0	0.9059669	0.67712253	0.0	0.0	0.96560544	1.2457833	0.0	1.6979676	0.13535655	1.3007325	0.0	0.0	0.0	0.0	0.24571183	0.44523773	0.0	0.61010945	0.0	0.0	0.75803465	0.0058282157	0.0	0.11067991	0.782835	0.26001385	0.51265514	0.46505666	0.09934952	0.005981621	0.0	0.0	0.0	0.0	0.0	0.5424088
TCGA-12-5299-01	0.0	0.080629885	0.18328755	0.0	0.1612297	0.0	0.40110886	0.22476685	0.0	0.0	0.1554161	0.2315437	0.17029323	0.6517409	0.31147107	0.17941149	0.6087441	0.56194454	0.0	0.10651955	0.0	0.19111846	0.62197965	0.0	0.0	0.782151	0.0	0.49414578	0.0	0.0	0.18231602	0.15799451	0.6491768	0.0	0.27391875	0.0	0.27785796	0.47557998	0.64919883	0.0	0.28183845	0.1915675	0.0	0.46454817	0.0	0.16283688	0.22668108	0.4981548
TCGA-06-0743-01	0.008348063	0.45936027	0.29040796	0.086299084	0.0	0.17878507	1.1668807	0.0	0.34151372	0.0	0.3524601	0.0	0.4959298	0.31994843	0.15658034	0.0	0.5114597	0.37159377	0.5594968	0.912959	0.506132	0.2447146	0.21035126	0.5474148	0.2460909	0.0	1.2047675	0.012752025	0.38071436	1.2217978	0.47027007	0.0	0.19078062	0.0	0.0	0.42834854	0.21807548	0.50264883	0.0	0.9814978	0.0019768241	1.2037455	0.77913624	0.33039677	0.0	0.0	0.30496505	0.0
TCGA-41-2572-01	0.022092123	0.5803602	0.5019005	0.0	0.0	0.0	0.8598594	0.0	0.0	0.0	0.0	0.47309697	0.09287687	0.0	0.52874315	0.0	0.4167514	1.1891474	0.24313647	0.0	0.3717212	1.1010536	0.0	1.1328018	0.37103587	0.0	0.32462227	0.0	0.0	0.1273926	0.47084162	0.0	0.0	0.0	0.033791006	0.0	1.1435196	0.0	0.60822934	0.2483403	0.52186245	0.67397463	0.0	0.0	0.0	0.0	0.025849326	0.0
TCGA-06-0744-01	0.0	0.0	0.0	0.0	0.0	0.98931825	0.46807513	0.038000923	0.0	0.0	1.281494	0.09192087	0.0	0.3209525	0.0	0.65606743	0.06376865	0.1907543	0.0	0.0	0.3645555	0.0	0.0	0.0	0.0	0.017439099	0.0	0.46116304	0.18667804	0.10039979	0.050743397	0.3188677	1.1782081	0.7485845	0.0	0.13465251	0.78828084	0.0	0.56102824	0.0	0.0	0.55678755	0.0	0.0	0.0	0.0	0.09657947	0.16849957
TCGA-06-0130-01	0.0	0.37914282	0.0	0.0	1.4048388	0.0	2.304577	1.7354261	0.0	0.0	0.0	0.0	2.704369	0.85259753	0.40137535	0.0	0.80677575	1.1209	0.0	1.0042427	0.115654826	0.3035911	2.0293546	0.0	0.0	0.0	0.0	0.0	0.6666401	0.6669095	0.71129924	0.64980966	0.0	1.0931425	0.70379704	0.0	2.4182475	2.6884682	1.2091947	2.1584613	2.289178	0.0	0.0	0.0	0.0	0.0	1.0302323	0.0
TCGA-06-0749-01	0.0	0.27917448	0.0	0.0	0.3942478	0.0	0.0	0.0	0.0	0.0	0.0	1.1706196	0.0	0.0	0.12846799	0.1470004	1.2504487	0.37844008	0.0	0.6179938	0.22663492	0.41321614	0.41426525	0.0	0.0	0.52854455	0.0	0.45791516	0.03484031	0.0	0.43945807	0.0	0.33966482	0.0	0.666061	0.0	0.66737497	0.07543513	0.0	0.0	0.63789725	0.009285627	0.0	0.13553122	0.21424006	0.069427535	0.52773046	0.0
TCGA-06-1804-01	0.0	0.29995736	0.69866174	0.0	0.0711221	0.016200894	1.0768727	1.2460195	0.0	0.3832935	0.0	0.74691063	0.6191432	1.046774	0.0	1.5506502	0.95206666	0.0	0.0	0.19611023	0.38292226	0.6157122	0.39533037	0.0	0.0	0.18578607	0.022989737	0.44480255	0.0	0.0	0.0	0.3438472	0.05279682	0.21428211	0.4625192	0.0	0.28279236	1.2519934	0.0	0.076982066	0.30589193	0.35129407	0.6242998	0.063617356	0.0	0.0	0.0	0.0
TCGA-19-2629-01	0.36229646	0.422725	0.0	0.31982103	0.6553245	0.0	0.3028897	0.0	0.2249348	0.0	0.49653202	0.46056166	0.47839838	0.0	0.43609467	0.0	0.0	0.0	0.0	0.0	0.0	0.23385623	0.0	0.3045369	0.0	0.0	0.4180114	0.0023657696	0.11832554	0.32009643	0.0	0.0	0.0	0.0	0.0	0.0	0.0	0.0	0.0	0.0	0.0	0.0	0.0	0.0	0.0	0.0	0.0	0.3386917
TCGA-06-5414-01	0.0	0.2625487	0.97095996	0.0	0.32864642	0.58115995	0.49915236	0.35776994	0.0	0.0	0.0	0.0	0.008317208	0.0	0.0	0.16991265	0.32765943	0.43050677	0.33141807	0.0	0.59301513	0.39695373	0.0	0.603507	0.60307044	0.0	0.0	0.0	0.27054176	0.0	0.4341086	0.0	0.07608516	0.21949306	0.068803385	0.0	0.8110462	0.4446632	0.6808666	0.24365726	0.0	0.4429877	0.0	0.0	0.0	0.0	0.5218879	0.0
TCGA-06-5408-01	0.7883125	0.0	0.0	0.0	1.5299143	0.0	2.282208	2.1985106	0.0	0.042439	0.0	1.0003166	0.0	0.0	0.0	2.050746	0.0	0.9246614	0.0	1.4617678	0.0	0.0	0.28604817	0.0	0.0	0.0	1.6804913	0.5470404	2.7007737	0.8860786	3.0140147	0.0	0.0	2.2516565	1.9381785	0.102408946	1.5217109	0.0	0.09005488	1.1448628	0.11419327	0.0	0.0	0.0	0.0	0.0	0.7176067	0.0
TCGA-06-2569-01	0.8632465	0.7551268	0.7522604	0.7061888	0.0	0.0	1.3222189	0.79543895	0.0	0.5080059	0.0	0.0	0.95930856	0.6869836	0.40868723	0.0	0.0	0.0	1.1049284	1.9294459	0.75737894	0.0	0.0	0.0	0.0	0.0	0.0	0.0	0.0	1.4910922	0.0	0.0	1.5918751	0.12612338	0.0	0.052997395	0.0	0.43782964	0.0	0.0	0.0	0.0	1.7586479	0.4789489	0.0	1.6408334	0.0	0.5086954
TCGA-26-5133-01	1.1116714	0.0	0.08043141	0.0	1.368892	0.0	0.06434764	0.0	1.2595059	0.0001143256	0.0	0.28722146	0.48803717	0.0	0.949797	0.0	0.0	0.4166587	0.19383754	1.0275884	1.3108652	0.45755556	0.50311744	0.5397549	0.0	0.0	0.37586957	0.0	0.0	0.5636852	1.0676116	0.0	0.22805399	0.0	0.0	0.0	0.0	0.48271585	0.56477207	0.0	0.0	0.0	0.0	0.21969885	0.0	0.0	1.1428084	0.0
TCGA-32-2632-01	0.23098865	0.0	1.0553116	0.0	0.783051	0.0038202486	2.216563	0.5036941	0.0	0.0	0.0	0.21428588	0.0	1.2802552	0.0	0.0	0.83461565	0.1614976	0.0	0.5167636	0.0	0.0	1.0878323	0.0	0.8472214	0.0	0.0	0.0	1.6816328	2.2519746	0.0	0.0	1.3504822	0.0	0.3981433	1.4303563	0.25558847	0.4884748	0.6747477	1.6431599	0.0	0.7281659	0.0	0.0	1.7308182	0.0	0.0	0.0
TCGA-76-4925-01	0.0	0.0	0.020850884	0.7348447	0.0	0.5544199	0.0	0.0	0.0	0.32041374	0.38201076	0.0	0.0	0.0	0.0	0.30942652	0.0	0.0	0.46586153	0.0	0.0	0.0	0.212258	0.42196673	0.03825765	0.0	0.28297022	0.0	0.82810223	0.0	0.0	0.0	0.0	0.0	0.0	0.4110044	0.0	0.6796461	0.51098377	0.25503114	0.0	0.0	0.045259282	0.32328245	0.84578514	0.0	0.0	0.0
TCGA-19-4065-01	0.0	0.0	0.21863478	0.4728972	0.027350577	0.5743355	0.18264735	0.0	0.0	0.0	0.0	0.0	0.0	0.0	0.0	0.25960195	0.63846457	0.5425606	0.57380205	0.0	0.0	0.0	0.0	0.0	0.024190225	0.0	0.13776164	0.0	0.86613035	0.61879736	0.51936686	0.0	0.0	0.334388	0.0	0.81822234	0.24439487	0.83228683	0.7329439	0.89503765	0.0	0.49097773	0.0	0.0	0.5447882	0.0	0.28809324	0.0
TCGA-06-0745-01	0.0	0.0	0.10899967	0.3632073	0.46869922	0.0	1.0449291	0.0	0.0	0.0	0.0	1.6633608	1.519359	0.0	0.78259593	0.0	1.3096652	0.0	0.0	0.0	0.031415038	0.0	1.2162752	0.35339454	0.0	0.30961433	0.11764524	0.0	0.32646427	0.0	0.46755913	0.33726034	0.5761911	0.0	0.73037785	0.0	0.0	0.43586597	0.0	0.0	0.0	0.104296	0.0	0.2519776	0.025250595	1.1399721	0.35232016	0.0
TCGA-27-2519-01	0.0	0.0	0.23261812	0.03375442	0.30206802	0.0	0.24696523	0.0	0.0	0.0	0.011357538	0.8728318	1.1401316	0.0	0.006908015	0.65780556	1.5548764	0.0	0.0	0.0	0.0	0.0	1.6345848	0.0	0.0	0.0	0.0	0.34676763	0.79922855	0.09855669	0.0	0.0104977	0.63165075	0.0	1.2438552	0.0	0.08649091	0.6999385	1.0673225	0.0	0.13116497	0.0	0.0	0.0	0.47702307	0.91034305	0.0	0.0046137744
TCGA-14-0790-01	0.0	0.004179388	0.0	0.0	0.49258125	0.076286145	0.9998149	1.4696798	0.0	0.01833006	0.5487676	0.0	0.08792069	0.2894632	0.026330486	0.0	0.48509583	0.50703466	0.0	0.0	0.5179176	0.056032877	0.63925064	0.523666	0.13244128	0.0	0.31710535	0.0	0.41152006	0.0	0.0	0.0	0.0	0.4716912	0.36658815	0.0	0.75815797	0.0	1.1136141	0.22721408	0.4122809	0.70753103	0.3244761	0.0	0.0	0.13167624	0.0	0.0
TCGA-14-1829-01	0.0	0.0	0.0	0.0	1.2467719	0.0	1.6036015	0.5902518	0.60912275	0.0	0.07230673	0.060725972	0.0	0.6250561	0.0	0.0	0.5357213	1.144869	0.0049558887	0.0	0.01631642	0.0	0.475265	0.0	0.28149387	0.07244222	0.0	0.0	0.17268479	0.96468455	0.7860478	0.7995739	0.6626447	0.727438	0.0	0.3592681	0.8572214	0.22571374	0.87073755	0.6205153	0.0	1.3307444	0.0	0.045950342	0.13272819	0.0	1.3915665	0.0
TCGA-28-2514-01	0.0	0.35633954	0.40159658	0.0	1.0563673	0.28291595	0.047512993	1.1334178	0.49726212	0.16824244	0.0	0.0	0.0	0.7455844	0.00068678387	0.5657931	0.0	0.057130814	0.0	0.23747477	0.47283322	0.0	0.0	0.34773278	0.0	0.23195593	0.68750536	0.0	0.1783074	0.0	0.9032759	0.9343272	0.0	0.1081081	0.0	0.0	0.19512339	1.0777328	0.0	0.16799937	0.0	0.0	0.0	1.1457652	0.0	0.06448679	0.6826159	0.0
TCGA-06-0878-01	0.0	0.0	0.011952519	0.10856169	1.1800176	0.0	0.5025029	0.24583404	0.0	0.0	0.0	0.29673275	0.6044005	0.0	0.48171425	0.18896705	1.196747	0.0	0.0	0.0	0.07824746	0.0	1.364105	0.0	0.492973	0.3278652	0.0	0.0	0.39772642	0.0	0.0	0.0	0.91180813	0.0	0.49671024	0.0	1.0341712	1.3629613	0.13893968	0.0	0.0	0.0	0.0	0.42817134	0.0	0.4899841	0.109037764	0.08493659
TCGA-06-5859-01	0.0	0.0	0.0	0.0	1.3847448	0.0	0.0	0.0	1.4833694	0.30176583	0.0	0.13586557	1.169709	0.6872051	0.29394826	0.0	0.0	0.7584288	0.0	1.8084568	0.28014654	0.0	1.0409306	0.0	0.0	0.4876124	0.23033036	0.0	1.010491	0.7836089	1.3020984	0.0	0.41887873	0.0	0.0	0.95554924	1.1979418	1.0668824	0.87393856	0.42693767	0.0	0.0	0.0	0.8488279	0.0	1.0732607	1.0518168	0.17432998
TCGA-19-2624-01	0.0	0.16793348	0.6905986	0.020171179	0.15813555	0.0	0.30228385	0.3053291	0.0	0.18575278	0.0	0.6051077	0.31606138	0.21657927	0.40894583	0.0	0.0	0.0	0.0	0.9641658	0.0	0.6125137	0.0	0.0008676181	0.0	0.009090052	0.0	0.0	0.0	0.0	0.29426667	0.0	0.0	0.1483233	0.35944483	0.0	0.6709892	0.026147654	0.4325863	0.0	0.49698508	0.28187296	0.0	0.0	0.0	0.3028776	0.09913521	0.7391658
TCGA-02-0055-01	1.3232356	0.0	0.67065656	0.751728	0.06460709	0.0	0.5121557	0.8232869	0.0	0.0	0.0	2.7658029	0.0	0.7070478	1.6786873	0.0	1.9870847	0.0	0.0	1.7960155	0.5278534	0.0	0.0	0.0	0.0	0.0	0.0	0.0	1.0905639	0.37361777	2.7989235	0.0	0.4868758	0.12827322	0.0	0.8262514	2.2304983	0.0	1.4573582	2.6803863	0.0	0.0	0.0	0.0	0.0	0.0	1.926212	1.4129801
TCGA-06-5416-01	0.124081515	0.0	0.0	0.12151108	0.0	0.0	0.0	0.34011394	0.0	0.22403175	0.0	0.0	0.0	1.1479625	0.24740674	0.62861216	0.0	0.0	0.0	0.19614777	0.6607525	0.0	0.0	0.4089439	0.0	0.17212509	0.0	0.0	0.9100874	0.62794167	0.43693566	0.72136056	0.35176447	0.4263687	0.0	0.3447815	0.0	0.0	0.0	0.47145173	0.0	0.0	0.0	0.0	0.0	0.0	0.0	0.0
TCGA-27-1837-01	0.0	0.21270607	0.14234167	0.0	0.61735636	0.0	0.17371872	0.6874711	0.0	0.079519585	0.0	0.7408901	0.0	0.0	0.37429002	0.0	0.02015996	0.70475817	0.0	0.0	0.32001972	0.4474643	0.29455045	0.018059311	0.0	0.5609428	0.0	0.0	0.0	0.0	0.33239514	0.0	0.24580218	0.0	0.014767744	0.0	0.3660178	0.22425184	0.43783477	0.0	0.4049885	0.0	0.0	0.054942302	0.0	0.4638355	0.40356296	0.19168031
TCGA-06-0132-01	0.0	0.0	0.0	0.0	0.15219332	0.0	0.14984232	0.0	0.07242062	0.3220663	0.0	0.51637876	0.0	0.2832738	0.0	0.5496061	0.7601581	0.12916523	0.0	0.0	0.00956847	0.5339287	0.6265821	0.0	0.0	0.95859575	0.0	0.0	0.033543136	0.07599207	0.47549587	0.8681574	0.5748798	0.0	0.2959549	0.0	0.0	0.42801705	0.0	0.0	0.0	0.0	0.0	0.7151619	1.0826421	0.043273814	0.8710645	0.0
TCGA-06-5858-01	0.0	1.1001874	1.5566131	1.0701064	0.39616406	0.0	0.75894105	1.0344373	0.0	0.0	0.0	0.0	1.4081417	1.4743727	0.0	0.0	0.8080593	0.0	0.0	0.61180526	0.2688718	0.3389742	0.4291338	0.0	0.73991257	0.0	0.41039172	0.0	0.0	0.06659995	0.0	0.60326207	0.11331509	0.5966502	0.0	0.0	0.7436627	1.6003947	0.58127487	0.0	0.17847872	0.37411064	0.48282725	0.16109157	0.0	0.0	0.0	0.0
TCGA-27-2521-01	0.0	0.25790638	0.0	0.0	0.33512554	0.8235481	1.2415174	0.0	0.0	0.6243647	1.1377025	0.0	0.0	0.0	0.07886272	0.12613535	0.07847824	0.0	1.0537642	0.25901905	0.6646644	0.0	0.93314403	0.0	0.0	0.0	1.2661104	0.7712606	0.0	0.5011889	0.0	0.0	0.0	0.0	0.0	0.0	0.0	0.8925323	0.7682897	0.0	0.0	0.0	0.80692977	1.1501268	0.0	0.0	0.81689614	0.21302815
TCGA-14-0871-01	0.6220844	0.57326126	0.0	0.0	0.0	0.0	1.2921245	0.0	0.0	0.3149447	0.0	0.0	0.0	0.0	1.0598135	0.0	0.30313745	0.4271528	1.0918533	0.8021538	1.2818161	0.0	0.0	0.0	0.0	0.0	0.0	0.245176	0.38803872	1.6203513	0.8458662	0.0	0.61650604	0.6216305	0.0	0.40996185	0.40505025	0.0	0.6631379	0.0	0.0	0.0	0.0	0.0	0.0	0.038634203	0.0	0.0
TCGA-32-2638-01	0.0	0.16331978	0.44116217	0.0	0.46816087	0.12875977	0.5804802	0.065086864	0.0	0.0	0.310881	0.31391945	0.020624707	0.0	0.0	0.0	0.0	0.4795926	0.25677946	0.0	0.37006992	0.8652267	0.0	0.7870683	0.47765493	0.0	0.08470053	0.0	0.023113595	0.0	0.0	0.0	0.2804285	0.13490504	0.32609388	0.0	0.67103195	0.009941529	0.7458226	0.0	0.0	0.40054476	0.09973334	0.0	0.0	0.08011394	0.4734623	0.042150095
TCGA-28-2510-01	0.0	0.9288049	0.59578466	0.0	0.0	0.0	0.0	0.0	0.33588767	0.0	0.0	0.22217241	0.35235965	0.85917044	0.0	0.32371426	1.1529619	0.18331422	0.0	0.7663514	0.0	0.4379276	0.32738638	0.0	0.02738775	1.0648507	0.0	0.0	0.14756073	0.0	0.61209023	0.39621466	0.5676871	0.0	0.15163796	0.0	0.4042727	0.68982816	0.0	0.0	0.003330926	0.0	0.35981125	0.3544003	0.7542827	0.0	0.80796766	0.0
TCGA-26-1442-01	0.07369907	0.5095286	0.0	0.20684144	0.0	0.0	0.0	0.0	0.05750781	0.049465563	0.0	0.0	0.0	0.0	0.2036716	0.0	0.0	0.0	0.5921781	1.2954315	0.0	0.0	0.4642711	0.0	0.0	0.0	0.44279617	0.8040549	0.0	0.19767065	0.0	0.0	0.0	0.0	0.0	0.0	0.2344957	0.4219994	0.2913092	0.0	0.0	0.0	0.66192096	0.5338224	0.0	0.0	0.27082077	0.29557577
TCGA-06-5410-01	0.0	0.0	0.5316083	0.3838089	1.1469979	0.0	0.7532183	1.0065911	0.0	0.0	0.0	0.8525865	0.25391495	0.35739928	0.4799807	0.5332047	1.1996728	0.23164648	0.5446962	0.0	0.0	0.0	0.24815384	0.0	0.0	0.0	0.0	0.5204597	0.0	0.47012052	0.6019522	0.12328278	0.46409255	0.0	0.33272886	0.0	0.0	0.49585658	0.32921898	0.0086006895	0.0	0.24940014	0.0	0.54705817	0.06891013	0.0	0.50570774	0.0
TCGA-41-5651-01	0.0074949493	0.0	0.0	0.0014113229	0.0	0.625715	0.8096494	0.0	0.0	0.52549696	0.0	0.46435487	0.0	0.0	1.1990715	0.0	0.27739707	0.0	0.5844976	0.4791967	0.31641707	0.0	0.0	0.42724073	0.0	0.0	0.23739488	0.0	0.0	0.26024064	0.51550746	0.39590478	0.0	0.0	0.0	0.0	0.19317444	0.0	0.8376299	0.0	0.0	0.0	0.0	0.0	0.0	0.2546303	0.0	0.0
TCGA-06-2564-01	0.0	0.73489326	1.0244174	0.2418462	0.3464161	0.10325833	0.47908655	0.2903476	0.0	0.26204303	0.0	0.06556902	0.6639215	0.40411496	0.0	0.42361405	0.44292158	0.0	0.4001142	0.09829989	0.32382515	0.6111026	0.0	0.0	0.1341094	0.44961882	0.08285324	0.047803223	0.0	0.0	0.0	0.0	0.18720864	0.4096363	0.6888177	0.0	0.56008524	0.86105025	0.0	0.0	0.2421474	0.22906208	0.064873025	0.104999326	0.0	0.0	0.21815138	0.0
TCGA-06-0882-01	0.0	0.0	0.43140626	0.0	0.13054149	0.0	0.39715925	0.54254854	0.0	0.0	0.0	0.95541817	0.0	0.22026478	0.15801048	0.940628	0.8343247	0.0	0.09342086	0.0	0.0	0.23417115	0.3927125	0.0	0.22645766	0.0	0.0	0.3140159	0.009795812	0.0	0.0	0.0	0.0	0.0	0.7247338	0.0	0.0	0.57933515	0.0	0.0	0.5349538	0.024524335	0.049998827	0.6324257	0.39933735	0.0	0.0	0.0
TCGA-12-0619-01	1.0312374	0.0	0.7212148	0.12906829	0.1485921	0.0	0.06482911	0.0	0.0	0.0	0.0	0.0	0.0	1.0182761	0.0	0.0	0.15941563	0.0	0.0	0.5058283	0.89340276	0.0	0.1099829	0.0	0.71899235	0.0	0.0	0.0	0.49608505	2.034188	0.0	0.0	0.9326701	0.0	0.0	0.8131618	0.7246748	1.3145418	0.016409244	1.1612573	0.0	0.0	0.71909446	0.0	0.6274488	0.0	0.0	0.44460934
TCGA-14-0781-01	0.0	0.0	0.0	0.02364223	0.8143092	0.0	0.20364624	0.24888794	0.0	0.0	0.0	1.0267555	0.30487877	0.1889693	0.0	0.0	0.8521094	0.1872505	0.0	0.0	0.0	0.08515683	0.41694662	0.0	0.0	0.69885486	0.0	0.0	0.12719508	0.0	0.1771228	0.0	0.47911194	0.0	0.18994772	0.0	0.30749908	0.59596175	0.60384077	0.0	0.0	0.22198226	0.0	0.20744082	0.28611824	0.0	0.46206078	0.0
TCGA-41-2571-01	0.0	1.0403472	0.713696	0.0	0.0	0.0	0.7347687	0.8937367	0.09822171	0.0	0.0	0.37983108	0.54421	0.9957601	0.078403115	0.2959347	1.627467	0.0	0.0	1.1028527	0.60562223	0.04874806	0.5158447	0.48558676	0.0	0.17728621	0.0	0.043509007	0.54287946	0.11171563	0.33835477	0.0	0.0	0.0	0.6630285	0.36527726	1.1199044	0.044055767	0.1268029	0.26870725	0.598938	0.6604876	0.0	0.0	0.0	0.10732472	0.088582635	0.0
TCGA-06-0129-01	1.8051181	0.9091083	0.0	0.0	0.0	0.0	0.4593652	0.73754776	0.87934625	1.3460103	0.0	0.0	0.0675746	0.8973968	0.0	0.17566402	0.0	0.38124478	0.12068305	0.9581543	0.5229105	0.0	0.7094204	0.5090419	0.0	0.0	0.571005	0.38005474	0.0	1.8344644	0.16303895	0.0	0.08331545	0.8625655	0.0	0.13669321	0.09518088	0.2643672	0.0	0.85982704	0.0	0.0	0.5906405	0.3088109	0.0	0.68038785	0.9393165	0.0
TCGA-19-2625-01	0.0	0.0	0.0	0.7992375	0.53395647	0.0	0.0	0.14645457	0.62907016	0.0	0.29755622	0.0	0.0	0.093506716	1.264607	0.0	0.0	0.37857163	0.0	0.7305244	0.7282762	0.0	0.0	0.035154987	0.0	0.0	0.36345646	0.009514061	0.8170199	0.86259174	1.1230265	0.1523054	0.67888504	0.0	0.0	0.9332951	0.0	0.0	0.0	0.0	0.0	0.4026788	0.18347032	0.06865016	0.0	0.0	0.0	0.0
TCGA-06-2565-01	0.22114548	0.0	0.6836497	0.0	0.5279867	0.42016727	0.7911149	0.0	0.0	0.47082523	0.0	0.22277096	0.0	0.0	0.0	0.0	0.0	0.0	0.0	0.0	0.6628588	1.4328113	0.18930367	0.64004296	0.0	0.0	0.0	0.0	0.0	0.0	0.63287765	0.0	0.6244664	0.0	0.3399639	0.0	0.6844419	0.22484604	0.18841884	0.0	0.0	0.0	0.09802021	0.0	0.0	0.32260498	0.97653353	0.0
TCGA-02-2485-01	0.0	0.0	0.0	0.0	0.19606112	0.0	0.97136426	0.21658896	0.0	0.0	0.67527246	0.5703401	0.0	0.0	0.08403427	0.0	0.0	0.29192218	0.0	0.036025636	0.41431835	0.48941788	0.0	0.0	0.0	0.0	0.0	0.0	0.20784687	0.056987263	0.0	0.075212546	0.9648427	0.5371111	0.14319636	0.0	0.45727476	0.0	0.9596278	0.0	0.0	0.34726122	0.3723729	0.0	0.0	0.6635067	0.0	0.7067195
TCGA-06-0210-01	0.0	0.3488745	0.09739416	0.0	0.36862373	0.0	0.38714918	0.034287844	0.0	0.4127742	0.0	0.36526996	0.24036	0.0	0.0	0.3536358	0.020807853	0.19483002	0.26182804	0.0	0.5334092	0.4952958	0.061780177	0.1564938	0.13726746	0.19093867	0.05015511	0.0	0.0	0.0	0.13592036	0.0	0.0	0.28555274	0.4344893	0.0	0.7353304	0.8101005	0.2756134	0.21331355	0.0	0.35583222	0.0	0.052083563	0.0	0.0	0.4859422	0.040862
TCGA-02-0047-01	0.52387065	0.45166013	0.040769212	0.0	0.0	0.0	0.0	0.11103995	0.5611277	0.2374501	0.0	0.0	0.045888893	0.56646514	0.0	0.0	0.0	0.0	0.0	0.63516265	0.0	0.0	0.1631865	0.06424301	0.06658355	0.0	0.29705644	0.2685872	0.0	0.72525555	0.0	0.26563123	0.49215263	0.29833254	0.0	0.0	0.0	0.06650352	0.0	0.0	0.22558583	0.0	0.5572589	0.46201584	0.2736643	0.0	0.6031624	0.0
TCGA-06-0750-01	0.0	0.0	0.0	0.0	0.48351827	0.0	0.32030845	1.3424345	0.0	0.0	0.0	0.6856787	0.0	0.0	0.13929	0.06957743	0.7706904	0.5027437	0.06596318	0.0	0.52583677	0.15564492	0.83759	0.0	0.0	0.2545579	0.0	0.0	0.013393569	0.34251392	0.53872794	0.0	0.28825125	0.0	0.5017008	0.0	0.9523695	0.18787079	0.22827253	0.2910827	0.17053501	0.016728336	0.0	0.032028113	0.08095934	0.23031159	0.4062987	0.08424384
TCGA-32-1982-01	0.0	0.26812384	0.18097053	0.0	0.53331095	0.4158017	0.8777383	0.6767422	0.0	0.0	0.23207529	0.2429736	0.0	0.42534158	0.0	0.36132088	0.29204002	0.46524033	0.262237	0.0	0.81225353	0.5462591	0.0	0.0	0.16627362	0.0	0.0	0.15705626	0.0	0.0	0.0	0.0	0.43027812	0.453623	0.049152505	0.10005062	0.80952334	0.5911347	0.5245044	0.18399118	0.05848287	0.42327565	0.0	0.0	0.0	0.0	0.7853397	0.0
